-- MySQL dump 10.13  Distrib 8.0.44, for Win64 (x86_64)
--
-- Host: localhost    Database: booking
-- ------------------------------------------------------
-- Server version	8.0.44

/*!40101 SET @OLD_CHARACTER_SET_CLIENT=@@CHARACTER_SET_CLIENT */;
/*!40101 SET @OLD_CHARACTER_SET_RESULTS=@@CHARACTER_SET_RESULTS */;
/*!40101 SET @OLD_COLLATION_CONNECTION=@@COLLATION_CONNECTION */;
/*!50503 SET NAMES utf8 */;
/*!40103 SET @OLD_TIME_ZONE=@@TIME_ZONE */;
/*!40103 SET TIME_ZONE='+00:00' */;
/*!40014 SET @OLD_UNIQUE_CHECKS=@@UNIQUE_CHECKS, UNIQUE_CHECKS=0 */;
/*!40014 SET @OLD_FOREIGN_KEY_CHECKS=@@FOREIGN_KEY_CHECKS, FOREIGN_KEY_CHECKS=0 */;
/*!40101 SET @OLD_SQL_MODE=@@SQL_MODE, SQL_MODE='NO_AUTO_VALUE_ON_ZERO' */;
/*!40111 SET @OLD_SQL_NOTES=@@SQL_NOTES, SQL_NOTES=0 */;

--
-- Table structure for table `food_court_images`
--

DROP TABLE IF EXISTS `food_court_images`;
/*!40101 SET @saved_cs_client     = @@character_set_client */;
/*!50503 SET character_set_client = utf8mb4 */;
CREATE TABLE `food_court_images` (
  `id` int unsigned NOT NULL AUTO_INCREMENT,
  `food_court_id` int unsigned NOT NULL,
  `url` varchar(255) CHARACTER SET utf8mb4 COLLATE utf8mb4_unicode_ci NOT NULL,
  `public_url` varchar(255) CHARACTER SET utf8mb4 COLLATE utf8mb4_unicode_ci DEFAULT NULL,
  `created_at` timestamp NULL DEFAULT NULL,
  `updated_at` timestamp NULL DEFAULT NULL,
  PRIMARY KEY (`id`),
  KEY `food_court_images_food_court_id_foreign` (`food_court_id`),
  CONSTRAINT `food_court_images_food_court_id_foreign` FOREIGN KEY (`food_court_id`) REFERENCES `food_courts` (`id`) ON DELETE CASCADE
) ENGINE=InnoDB AUTO_INCREMENT=6 DEFAULT CHARSET=utf8mb4 COLLATE=utf8mb4_unicode_ci;
/*!40101 SET character_set_client = @saved_cs_client */;

--
-- Dumping data for table `food_court_images`
--

LOCK TABLES `food_court_images` WRITE;
/*!40000 ALTER TABLE `food_court_images` DISABLE KEYS */;
INSERT INTO `food_court_images` VALUES (1,1,'/uploads/food-court/bun-ca-long-xuyen/food-court_68f505755d32e4.10122862_download.jpg','download.jpg','2025-10-19 15:36:53','2025-10-19 15:36:53'),(2,1,'/uploads/food-court/bun-ca-long-xuyen/food-court_68f50575645250.17852601_download__4_.jpg','download (4).jpg','2025-10-19 15:36:53','2025-10-19 15:36:53'),(3,2,'/uploads/food-court/bun-ca-hieu-thuan-thanh-pho-long-xuyen/food-court_68f7a07cc9ad08.70165132_download__2_.jpg','download (2).jpg','2025-10-21 15:02:21','2025-10-21 15:02:21'),(4,2,'/uploads/food-court/bun-ca-hieu-thuan-thanh-pho-long-xuyen/food-court_68f7a07cd44f39.87258486_download.jpg','download.jpg','2025-10-21 15:02:21','2025-10-21 15:02:21'),(5,2,'/uploads/food-court/bun-ca-hieu-thuan-thanh-pho-long-xuyen/food-court_68f7a07cdc0326.50066432_download__1_.jpg','download (1).jpg','2025-10-21 15:02:21','2025-10-21 15:02:21');
/*!40000 ALTER TABLE `food_court_images` ENABLE KEYS */;
UNLOCK TABLES;

--
-- Table structure for table `food_courts`
--

DROP TABLE IF EXISTS `food_courts`;
/*!40101 SET @saved_cs_client     = @@character_set_client */;
/*!50503 SET character_set_client = utf8mb4 */;
CREATE TABLE `food_courts` (
  `id` int unsigned NOT NULL AUTO_INCREMENT,
  `name` varchar(255) CHARACTER SET utf8mb4 COLLATE utf8mb4_unicode_ci NOT NULL,
  `description` text CHARACTER SET utf8mb4 COLLATE utf8mb4_unicode_ci,
  `address` varchar(255) CHARACTER SET utf8mb4 COLLATE utf8mb4_unicode_ci DEFAULT NULL,
  `province_id` int unsigned NOT NULL,
  `travel_spot_id` int unsigned NOT NULL,
  `open_time` time DEFAULT NULL,
  `close_time` time DEFAULT NULL,
  `average_star` decimal(3,2) NOT NULL DEFAULT '0.00',
  `total_rates` int unsigned NOT NULL DEFAULT '0',
  `price_from` decimal(10,2) DEFAULT NULL,
  `price_to` decimal(10,2) DEFAULT NULL,
  `created_at` timestamp NULL DEFAULT NULL,
  `updated_at` timestamp NULL DEFAULT NULL,
  PRIMARY KEY (`id`),
  KEY `food_courts_province_id_foreign` (`province_id`),
  KEY `food_courts_travel_spot_id_foreign` (`travel_spot_id`),
  CONSTRAINT `food_courts_province_id_foreign` FOREIGN KEY (`province_id`) REFERENCES `provinces` (`id`) ON DELETE CASCADE
) ENGINE=InnoDB AUTO_INCREMENT=3 DEFAULT CHARSET=utf8mb4 COLLATE=utf8mb4_unicode_ci;
/*!40101 SET character_set_client = @saved_cs_client */;

--
-- Dumping data for table `food_courts`
--

LOCK TABLES `food_courts` WRITE;
/*!40000 ALTER TABLE `food_courts` DISABLE KEYS */;
INSERT INTO `food_courts` VALUES (1,'B??n c?? Long Xuy??n','L?? m??n ??n ?????u ti??n trong danh s??ch ?????c s???n An Giang mu???n gi???i thi???u cho b???n m??n b??n c?? Long Xuy??n. ????y l?? m???t m??n ??n kh?? quen thu???c v?? b??nh d??? ?????i v???i d??n ?????a ph????ng, n?? c??n c?? t??n g???i kh??c l?? b??n n?????c l??o.\r\n\r\nV???i h????ng v??? n?????c l??o ng???t thanh, v??? h??i nh???t, v?? ?????c tr??ng l?? c?? ???????c ?????p qua ngh??? v??ng ????m, gi??p m??u n?????c l??o v??ng v?? c?? m??i th??m ngh??? v?? khi???n m??n b??n c?? th??m ?????m ???? h??n. C?? l??c ho???c c?? k??o th?????ng ???????c ch???n ????? n???u n?????c d??ng, ngo??i ra b???n c??ng c?? th??? ??n k??m v???i th???t heo, v?? kh??ng th??? thi???u nh???ng m??n rau ?????c tr??ng v??ng s??ng n?????c nh?? gi??, b??ng ??i??n ??i???n, b???p chu???i, rau r??m,...','18/2A L?? L???i, M??? B??nh, Tp Long Xuy??n',1,0,'09:30:00','22:02:00',0.00,0,15000.00,25000.00,'2025-10-19 15:36:13','2025-10-19 15:36:13'),(2,'B??n c?? Hi???u Thu???n (Th??nh ph??? Long Xuy??n)','Kh??ch du l???ch ?????n v???i An Giang ch???c ch???n kh??ng th??? b??? qua m??n b??n c?? ?????c s???n. B??n c?? ??? ????y n???i ti???ng l?? do n?????c d??ng ?????m ???? ???????c n???u b???ng ng???i b??n v?? ngh??? t????i, th???t c?? l??c ch???c n???ch, t????i ngon. V?? m???t trong nh???ng qu??n b??n b??n c?? tr??? danh ??? An Giang ch??nh l?? b??n c?? Hi???u Thu???n. Qu??n b??n c?? n??y ???? duy tr?? ??? ?????t An Giang ?????n 30 n??m, tr??? th??nh ???qu??n b??n k??? l???c??? trong l??ng ng?????i ?????a ph????ng.','18/2A L?? L???i, P. M??? B??nh, Th??nh ph??? Long Xuy??n, An Giang, Vi???t Nam',1,0,'07:30:00','18:00:00',0.00,0,25000.00,35000.00,'2025-10-21 15:02:20','2025-10-21 15:02:20');
/*!40000 ALTER TABLE `food_courts` ENABLE KEYS */;
UNLOCK TABLES;

--
-- Table structure for table `province_images`
--

DROP TABLE IF EXISTS `province_images`;
/*!40101 SET @saved_cs_client     = @@character_set_client */;
/*!50503 SET character_set_client = utf8mb4 */;
CREATE TABLE `province_images` (
  `id` int unsigned NOT NULL AUTO_INCREMENT,
  `province_id` int unsigned NOT NULL,
  `url` varchar(255) CHARACTER SET utf8mb4 COLLATE utf8mb4_unicode_ci NOT NULL,
  `publicUrl` varchar(255) CHARACTER SET utf8mb4 COLLATE utf8mb4_unicode_ci DEFAULT NULL,
  `created_at` timestamp NULL DEFAULT NULL,
  `updated_at` timestamp NULL DEFAULT NULL,
  PRIMARY KEY (`id`),
  KEY `province_images_province_id_foreign` (`province_id`),
  CONSTRAINT `province_images_province_id_foreign` FOREIGN KEY (`province_id`) REFERENCES `provinces` (`id`) ON DELETE CASCADE
) ENGINE=InnoDB AUTO_INCREMENT=61 DEFAULT CHARSET=utf8mb4 COLLATE=utf8mb4_unicode_ci;
/*!40101 SET character_set_client = @saved_cs_client */;

--
-- Dumping data for table `province_images`
--

LOCK TABLES `province_images` WRITE;
/*!40000 ALTER TABLE `province_images` DISABLE KEYS */;
INSERT INTO `province_images` VALUES (1,1,'/uploads/provinces/an-giang/province_68f3aced017187.16611289_an-giang-3.png','an-giang-3.png','2025-10-18 15:06:21','2025-10-18 15:06:21'),(2,1,'/uploads/provinces/an-giang/province_68f3aced1967c7.08573124_an-giang-2.jpg','an-giang-2.jpg','2025-10-18 15:06:21','2025-10-18 15:06:21'),(3,1,'/uploads/provinces/an-giang/province_68f3aced256f40.45934556_an-giang-1.jpg','an-giang-1.jpg','2025-10-18 15:06:21','2025-10-18 15:06:21'),(4,2,'/uploads/provinces/bac-ninh/province_68f3ad471b6531.22595087_bac-ninh-1-16077848708512064768942.jpg','bac-ninh-1-16077848708512064768942.jpg','2025-10-18 15:07:51','2025-10-18 15:07:51'),(5,2,'/uploads/provinces/bac-ninh/province_68f3ad472ce0d3.80455388_image-20200714225347-1.jpg','image-20200714225347-1.jpg','2025-10-18 15:07:51','2025-10-18 15:07:51'),(6,2,'/uploads/provinces/bac-ninh/province_68f3ad47480ab5.09200974_44d69adc-du-lich-bac-ninh-24.jpg','44d69adc-du-lich-bac-ninh-24.jpg','2025-10-18 15:07:51','2025-10-18 15:07:51'),(7,3,'/uploads/provinces/ca-mau/province_68f3adbeb70622.86873079_c__-mau2.jpg','c??-mau2.jpg','2025-10-18 15:09:51','2025-10-18 15:09:51'),(8,3,'/uploads/provinces/ca-mau/province_68f3adbed92c77.76033543_7C-1.jpg','7C-1.jpg','2025-10-18 15:09:51','2025-10-18 15:09:51'),(9,3,'/uploads/provinces/ca-mau/province_68f3adbeeac1f8.20467011_1737958354_muicamau-.jpg','1737958354_muicamau-.jpg','2025-10-18 15:09:51','2025-10-18 15:09:51'),(10,4,'/uploads/provinces/can-tho/province_68f3ae44e16945.03703688_download__2_.jpg','download (2).jpg','2025-10-18 15:12:05','2025-10-18 15:12:05'),(11,4,'/uploads/provinces/can-tho/province_68f3ae44f1cb87.97572118_download__1_.jpg','download (1).jpg','2025-10-18 15:12:05','2025-10-18 15:12:05'),(12,4,'/uploads/provinces/can-tho/province_68f3ae450878a5.92585839_download.jpg','download.jpg','2025-10-18 15:12:05','2025-10-18 15:12:05'),(13,5,'/uploads/provinces/cao-bang/province_68f3af021f81e1.66252542_du-lich-cao-bang-cam-nang-du-lich-va-18-dia-diem-nen-den-nhat-202305051452598981.jpg','du-lich-cao-bang-cam-nang-du-lich-va-18-dia-diem-nen-den-nhat-202305051452598981.jpg','2025-10-18 15:15:14','2025-10-18 15:15:14'),(14,5,'/uploads/provinces/cao-bang/province_68f3af023921b8.27022886_1.jpg','1.jpg','2025-10-18 15:15:14','2025-10-18 15:15:14'),(15,5,'/uploads/provinces/cao-bang/province_68f3af02484ae9.09007856_du-lich-cao-bang-ivivu-1.jpg','du-lich-cao-bang-ivivu-1.jpg','2025-10-18 15:15:14','2025-10-18 15:15:14'),(16,6,'/uploads/provinces/da-nang/province_68f3af5e3f7926.40587645_images.jpg','images.jpg','2025-10-18 15:16:46','2025-10-18 15:16:46'),(17,6,'/uploads/provinces/da-nang/province_68f3af5e4bcc37.55919266_download.jpg','download.jpg','2025-10-18 15:16:46','2025-10-18 15:16:46'),(18,6,'/uploads/provinces/da-nang/province_68f3af5e547086.96649837_download__3_.jpg','download (3).jpg','2025-10-18 15:16:46','2025-10-18 15:16:46'),(19,7,'/uploads/provinces/dak-lak/province_68f3afb5d622b9.43469631_images.jpg','images.jpg','2025-10-18 15:18:14','2025-10-18 15:18:14'),(20,7,'/uploads/provinces/dak-lak/province_68f3afb5f162a8.02094681_download.jpg','download.jpg','2025-10-18 15:18:14','2025-10-18 15:18:14'),(21,7,'/uploads/provinces/dak-lak/province_68f3afb60b4bb4.86372628_download__1_.jpg','download (1).jpg','2025-10-18 15:18:14','2025-10-18 15:18:14'),(22,8,'/uploads/provinces/dien-bien/province_68f3b0069de302.78007957_download__1_.jpg','download (1).jpg','2025-10-18 15:19:34','2025-10-18 15:19:34'),(23,8,'/uploads/provinces/dien-bien/province_68f3b006aff911.40903492_download.jpg','download.jpg','2025-10-18 15:19:34','2025-10-18 15:19:34'),(24,8,'/uploads/provinces/dien-bien/province_68f3b006be1555.30713157_download__2_.jpg','download (2).jpg','2025-10-18 15:19:34','2025-10-18 15:19:34'),(25,9,'/uploads/provinces/dong-nai/province_68f3b07f514559.90165532_download__1_.jpg','download (1).jpg','2025-10-18 15:21:35','2025-10-18 15:21:35'),(26,9,'/uploads/provinces/dong-nai/province_68f3b07f5c4c06.96717414_download.jpg','download.jpg','2025-10-18 15:21:35','2025-10-18 15:21:35'),(27,9,'/uploads/provinces/dong-nai/province_68f3b07f650b16.70601006_download__4_.jpg','download (4).jpg','2025-10-18 15:21:35','2025-10-18 15:21:35'),(28,10,'/uploads/provinces/dong-thap/province_68f3b0afabfe84.96662974_download__1_.jpg','download (1).jpg','2025-10-18 15:22:23','2025-10-18 15:22:23'),(29,10,'/uploads/provinces/dong-thap/province_68f3b0afbd96f4.05822191_download.jpg','download.jpg','2025-10-18 15:22:23','2025-10-18 15:22:23'),(30,10,'/uploads/provinces/dong-thap/province_68f3b0afd173b7.19602025_download__2_.jpg','download (2).jpg','2025-10-18 15:22:23','2025-10-18 15:22:23'),(31,11,'/uploads/provinces/gia-lai/province_68f3b0e72ff199.86695579_download__1_.jpg','download (1).jpg','2025-10-18 15:23:19','2025-10-18 15:23:19'),(32,11,'/uploads/provinces/gia-lai/province_68f3b0e73da3e9.19899296_download.jpg','download.jpg','2025-10-18 15:23:19','2025-10-18 15:23:19'),(33,11,'/uploads/provinces/gia-lai/province_68f3b0e74800b3.71964270_download__3_.jpg','download (3).jpg','2025-10-18 15:23:19','2025-10-18 15:23:19'),(34,12,'/uploads/provinces/ha-noi/province_68f3b163d9e800.47941628_images.jpg','images.jpg','2025-10-18 15:25:24','2025-10-18 15:25:24'),(35,12,'/uploads/provinces/ha-noi/province_68f3b163ef7cc1.36246898_download__1_.jpg','download (1).jpg','2025-10-18 15:25:24','2025-10-18 15:25:24'),(36,12,'/uploads/provinces/ha-noi/province_68f3b1640b7822.93758954_download.jpg','download.jpg','2025-10-18 15:25:24','2025-10-18 15:25:24'),(37,13,'/uploads/provinces/ha-tinh/province_68f3b1a1845829.96894592_images.jpg','images.jpg','2025-10-18 15:26:25','2025-10-18 15:26:25'),(38,13,'/uploads/provinces/ha-tinh/province_68f3b1a1925192.37891024_download.jpg','download.jpg','2025-10-18 15:26:25','2025-10-18 15:26:25'),(39,13,'/uploads/provinces/ha-tinh/province_68f3b1a19ac997.78958376_download__2_.jpg','download (2).jpg','2025-10-18 15:26:25','2025-10-18 15:26:25'),(40,14,'/uploads/provinces/hai-phong/province_68f3b1d59a01c3.06731740_download__2_.jpg','download (2).jpg','2025-10-18 15:27:17','2025-10-18 15:27:17'),(41,14,'/uploads/provinces/hai-phong/province_68f3b1d5a52274.42605686_download.jpg','download.jpg','2025-10-18 15:27:17','2025-10-18 15:27:17'),(42,14,'/uploads/provinces/hai-phong/province_68f3b1d5b2bbf8.62371780_download__1_.jpg','download (1).jpg','2025-10-18 15:27:17','2025-10-18 15:27:17'),(43,15,'/uploads/provinces/ho-chi-minh/province_68f3b267ab8951.10402278_download__1_.jpg','download (1).jpg','2025-10-18 15:29:43','2025-10-18 15:29:43'),(44,15,'/uploads/provinces/ho-chi-minh/province_68f3b267c19526.39984731_download.jpg','download.jpg','2025-10-18 15:29:43','2025-10-18 15:29:43'),(45,15,'/uploads/provinces/ho-chi-minh/province_68f3b267cf6572.37607170_download__3_.jpg','download (3).jpg','2025-10-18 15:29:43','2025-10-18 15:29:43'),(46,16,'/uploads/provinces/hue/province_68f3b29c0d3296.11720666_download__1_.jpg','download (1).jpg','2025-10-18 15:30:36','2025-10-18 15:30:36'),(47,16,'/uploads/provinces/hue/province_68f3b29c1c2973.82431739_download.jpg','download.jpg','2025-10-18 15:30:36','2025-10-18 15:30:36'),(48,16,'/uploads/provinces/hue/province_68f3b29c241886.41328638_download__2_.jpg','download (2).jpg','2025-10-18 15:30:36','2025-10-18 15:30:36'),(49,17,'/uploads/provinces/hung-yen/province_68f3b2cc829539.94581831_download__1_.jpg','download (1).jpg','2025-10-18 15:31:24','2025-10-18 15:31:24'),(50,17,'/uploads/provinces/hung-yen/province_68f3b2cc8b45b8.87848900_download.jpg','download.jpg','2025-10-18 15:31:24','2025-10-18 15:31:24'),(51,17,'/uploads/provinces/hung-yen/province_68f3b2cc98f909.33052999_download__3_.jpg','download (3).jpg','2025-10-18 15:31:24','2025-10-18 15:31:24'),(52,18,'/uploads/provinces/khanh-hoa/province_68f3b2fbb40ab3.94803740_download__1_.jpg','download (1).jpg','2025-10-18 15:32:11','2025-10-18 15:32:11'),(53,18,'/uploads/provinces/khanh-hoa/province_68f3b2fbc12fa9.29063590_download.jpg','download.jpg','2025-10-18 15:32:11','2025-10-18 15:32:11'),(54,18,'/uploads/provinces/khanh-hoa/province_68f3b2fbc9c2a6.11586965_download__2_.jpg','download (2).jpg','2025-10-18 15:32:11','2025-10-18 15:32:11'),(55,19,'/uploads/provinces/lai-chau/province_68f3b342599b26.96098952_download.jpg','download.jpg','2025-10-18 15:33:22','2025-10-18 15:33:22'),(56,19,'/uploads/provinces/lai-chau/province_68f3b3426adda7.56521137_dia-diem-du-lich-lai-chau_1755228424.jpg','dia-diem-du-lich-lai-chau_1755228424.jpg','2025-10-18 15:33:22','2025-10-18 15:33:22'),(57,19,'/uploads/provinces/lai-chau/province_68f3b34279d3e8.17817221_top-10-dia-diem-du-lich-lai-chau.jpg','top-10-dia-diem-du-lich-lai-chau.jpg','2025-10-18 15:33:22','2025-10-18 15:33:22'),(58,20,'/uploads/provinces/lam-dong/province_68f3b39c8f8c30.59793183_images.jpg','images.jpg','2025-10-18 15:34:52','2025-10-18 15:34:52'),(59,20,'/uploads/provinces/lam-dong/province_68f3b39c967276.94159883_download.jpg','download.jpg','2025-10-18 15:34:52','2025-10-18 15:34:52'),(60,20,'/uploads/provinces/lam-dong/province_68f3b39c9c15f1.96677257_download__1_.jpg','download (1).jpg','2025-10-18 15:34:52','2025-10-18 15:34:52');
/*!40000 ALTER TABLE `province_images` ENABLE KEYS */;
UNLOCK TABLES;

--
-- Table structure for table `provinces`
--

DROP TABLE IF EXISTS `provinces`;
/*!40101 SET @saved_cs_client     = @@character_set_client */;
/*!50503 SET character_set_client = utf8mb4 */;
CREATE TABLE `provinces` (
  `id` int unsigned NOT NULL AUTO_INCREMENT,
  `code` char(2) CHARACTER SET utf8mb4 COLLATE utf8mb4_unicode_ci NOT NULL,
  `name` varchar(255) CHARACTER SET utf8mb4 COLLATE utf8mb4_unicode_ci NOT NULL,
  `type` varchar(255) CHARACTER SET utf8mb4 COLLATE utf8mb4_unicode_ci DEFAULT NULL,
  `description` text CHARACTER SET utf8mb4 COLLATE utf8mb4_unicode_ci,
  `created_at` timestamp NOT NULL DEFAULT CURRENT_TIMESTAMP,
  `updated_at` timestamp NOT NULL DEFAULT CURRENT_TIMESTAMP ON UPDATE CURRENT_TIMESTAMP,
  PRIMARY KEY (`id`),
  UNIQUE KEY `provinces_code_unique` (`code`)
) ENGINE=InnoDB AUTO_INCREMENT=21 DEFAULT CHARSET=utf8mb4 COLLATE=utf8mb4_unicode_ci;
/*!40101 SET character_set_client = @saved_cs_client */;

--
-- Dumping data for table `provinces`
--

LOCK TABLES `provinces` WRITE;
/*!40000 ALTER TABLE `provinces` DISABLE KEYS */;
INSERT INTO `provinces` VALUES (1,'91','An Giang','T???nh','An Giang s??? h???u di???n t??ch kh?? l???n ??? mi???n T??y Nam B???, trong ???? c?? nhi???u c???nh quan thi??n nhi??n t????i ?????p, c?? s??ng n?????c m??nh m??ng, c?? n??i non k??? v??, c?? r???ng tr??m, c?? ?????ng ru???ng b??t ng??t,...  An Giang c??ng s??? h???u m???t trong nh???ng h??n ?????o ?????p nh???t ??? Vi???t Nam l?? ?????o Ph?? Qu???c, n??i h??ng n??m thu h??t h??ng tri???u l?????t kh??ch qu???c t???','2025-10-18 15:06:19','2025-10-18 15:06:19'),(2,'24','B???c Ninh','T???nh','B???c Ninh l?? t???nh v???i d??n ca quan h???. B???c Ninh l?? trung t??m x??? Kinh B???c c??? x??a. Hi???n nay tr??n ?????a b??n t???nh B???c Ninh c?? kho???ng 41 l??? h???i ????ng ch?? ?? trong n??m ???????c duy tr??. Trong ???? c?? nh???ng l??? h???i l???n nh??: h???i ch??a D??u, H???i Lim, h???i ?????n ???? (?????n L?? B??t ????? - th??? 8 v??? vua nh?? L??), h???i ?????n B?? Ch??a Kho. B???c Ninh ???????c bi???t ?????n l?? v??ng ?????t v???i ngh??? t?? t???m, g???m s???, ????c ?????ng, kh???c g???, l??m gi???y, tranh v??? d??n gian... n???i b???t l?? nh???ng l??n ??i???u d??n ca quan h???','2025-10-18 15:07:50','2025-10-18 15:07:50'),(3,'96','C?? Mau','T???nh','T??n g???i C?? Mau (ch??nh t??? c??: C??-mau) ???????c h??nh th??nh do ng?????i Khmer g???i t??n v??ng ?????t n??y l?? \"T??k Kha-mau\" c?? ngh??a l?? n?????c ??en. Do N?????c ??en l?? m??u n?????c ?????c tr??ng do l?? tr??m c???a th???m r???ng tr??m U Minh b???t ng??n r???ng xu???ng l??m ?????i m??u n?????c. C?? Mau l?? x??? ?????m l???y ng???p n?????c, c?? nhi???u b???i l??c m???c t??? nhi??n v?? hoang d??. ','2025-10-18 15:09:50','2025-10-18 15:09:50'),(4,'92','C???n Th??','Th??nh ph???','C???n Th?? l?? th??? ph??? v?? l?? ???? th??? h???t nh??n c???a mi???n T??y Nam B??? t??? th???i Ph??p thu???c, nay ti???p t???c l?? trung t??m kinh t??? c???a v??ng ?????ng b???ng S??ng C???u Long. Ngo??i ?????c tr??ng v??? ?????a l?? l?? ?????u m???i giao th??ng quan tr???ng gi???a c??c t???nh trong khu v???c, th??nh ph??? C???n Th?? c??n ???????c bi???t ?????n nh?? m???t ???? th??? mi???n s??ng n?????c. Th??nh ph??? c?? h??? th???ng s??ng ng??i ch???ng ch???t, di???n t??ch v?????n c??y ??n tr??i v?? ?????ng ru???ng r???ng l???n, n???i ti???ng v???i B???n Ninh Ki???u, Ch??? n???i C??i R??ng m???t n??t sinh ho???t ?????c tr??ng v??n h??a Nam B???.','2025-10-18 15:12:04','2025-10-18 15:12:04'),(5,'04','Cao B???ng','T???nh','Cao B???ng l?? m???t t???nh thu???c v??ng ????ng B???c B???, Vi???t Nam.[6][7][8] Theo d??? li???u S??p nh???p t???nh, th??nh Vi???t Nam 2025, Cao B???ng c?? di???n t??ch: 6.700 km??, x???p th??? 23; d??n s???: 573.119 ng?????i, x???p th??? 33; GRDP 2024: 25.203.769 tri???u VN?? , x???p th??? 34; thu ng??n s??ch 2024: 2.476.011 tri???u VN??, x???p th??? 33; thu nh???p b??nh qu??n: 30,70 tri???u VN??/n??m, x???p th??? 32','2025-10-18 15:15:13','2025-10-18 15:15:13'),(6,'48','???? N???ng','Th??nh ph???','???? N???ng l?? m???t t??n d???ch theo ki???u d???ch ??m ki??m d???ch ?? m???t ph???n, n???u phi??n ??m H??n-Vi???t th?? ?????c th??nh ???? Nh????ng, ?????a danh c???n d???ch ???? ???????c d???ch b???ng ch??? H??n c?? ??m ?????c (??m H??n Vi???t) t????ng c???n, ?? ngh??a c???a ch??? H??n d??ng ????? d???ch c?? li??n quan nh???t ?????nh v???i ?? ngh??a c???a t??n g???i ???????c d???ch. Ph???n l???n c??c ?? ki???n ?????u cho r???ng t??n g???i ???? N???ng xu???t ph??t t??? v??? tr?? n???m ??? c???a s??ng H??n c???a th??nh ph???. ???? l?? m???t bi???n d???ng c???a t??? Ch??m c??? \"Da nak\", ???????c d???ch l?? \"c???a s??ng l???n\"','2025-10-18 15:16:45','2025-10-18 15:16:45'),(7,'66','?????k L??k','T???nh','?????k L???k (tr?????c ????y ghi l?? Darlac) l?? m???t t???nh n???m ??? duy??n h???i Nam Trung B??? v?? T??y Nguy??n, mi???n Trung Vi???t Nam v?? l?? t???nh c?? di???n t??ch l???n th??? ba Vi???t Nam. Trung t??m h??nh ch??nh c???a t???nh l?? ph?????ng Bu??n Ma Thu???t. ','2025-10-18 15:18:13','2025-10-18 15:18:13'),(8,'11','??i???n Bi??n','T???nh','??i???n Bi??n c?? ?????a h??nh ph???c t???p, ch??? y???u l?? ?????i n??i d???c, hi???m tr??? v?? chia c???t m???nh, ???????c c???u t???o b???i nh???ng d??y n??i ch???y d??i theo h?????ng T??y B???c - ????ng Nam v???i ????? cao bi???n ?????i t??? 200 m ?????n h??n 1.800 m. ?????a h??nh th???p d???n t??? B???c xu???ng Nam v?? nghi??ng d???n t??? T??y sang ????ng. ??? ph??a B???c c?? c??c ??i???m cao 1.085 m, 1.162 m v?? 1.856 m (thu???c huy???n M?????ng Nh??), cao nh???t l?? ?????nh Pu ??en ??inh (1.886 m).','2025-10-18 15:19:34','2025-10-18 15:19:34'),(9,'75','?????ng Nai','T???nh','?????ng Nai l?? m???t t???nh thu???c v??ng ????ng Nam B???, Vi???t Nam. ?????ng Nai ???????c xem l?? m???t c???a ng?? ??i v??o v??ng kinh t??? tr???ng ??i???m Nam b??? - v??ng kinh t??? ph??t tri???n v?? n??ng ?????ng nh???t c??? n?????c. ?????ng th???i, ?????ng Nai l?? m???t trong 4 g??c nh???n c???a T??? gi??c ph??t tri???n Th??nh ph??? H??? Ch?? Minh nay g???m (B??nh D????ng - B?? R???a ??? V??ng T??u) - ?????ng Nai. D??n c?? t???p trung ph???n l???n ??? Bi??n H??a v???i h??n 1 tri???u d??n v?? ??? 2 huy???n Tr???ng Bom, Long Th??nh.','2025-10-18 15:21:34','2025-10-18 15:21:34'),(10,'82','?????ng Th??p','T???nh','?????ng Th??p l?? m???t t???nh m???i th??nh l???p thu???c v??ng ?????ng b???ng s??ng C???u Long, Vi???t Nam. V??ng ?????t ?????ng Th??p ???? ???????c Ch??a Nguy???n khai ph?? v??o kho???ng th??? k??? XVII, XVIII. T???nh ?????ng Th??p ???????c th??nh l???p tr??n c?? s??? h???p nh???t t???nh Ki???n Phong v?? t???nh Sa ????c v??o n??m 1976, v?? sau ???? l?? tr??n c?? s??? s??p nh???p t???nh ?????ng Th??p v?? t???nh Ti???n Giang v??o n??m 2025.','2025-10-18 15:22:23','2025-10-18 15:22:23'),(11,'52','Gia Lai','T???nh','Gia Lai l?? m???t t???nh n???m ??? khu v???c duy??n h???i Nam Trung b??? v?? T??y Nguy??n, mi???n Trung Vi???t Nam v?? l?? t???nh c?? di???n t??ch l???n th??? hai Vi???t Nam.[3] Trung t??m h??nh ch??nh c???a t???nh l?? ph?????ng Quy Nh??n. Ngu???n g???c t??n g???i Gia Lai b???t ngu???n t??? ch??? Jarai, t??n g???i c???a m???t d??n t???c thi???u s??? trong t???nh, c??ch g???i n??y v???n c??n gi??? trong ti???ng c???a ng?????i ??-????, Ba Na, L??o, Th??i Lan v?? Campuchia ????? g???i v??ng ?????t n??y l?? Jarai, Charay c?? ngh??a l?? v??ng ?????t c???a ng?????i Jarai, c?? l??? ??m ch??? v??ng ?????t c???a Th???y X?? v?? H???a X?? thu???c ti???u qu???c Jarai x??a.','2025-10-18 15:23:18','2025-10-18 15:23:18'),(12,'01','H?? N???i','Th??nh ph???','H?? N???i ???? s???m tr??? th??nh trung t??m ch??nh tr???, kinh t??? v?? v??n h??a ngay t??? nh???ng bu???i ?????u c???a l???ch s??? Vi???t Nam. V???i vai tr?? th??? ????, H?? N???i l?? n??i t???p trung nhi???u ?????a ??i???m v??n h??a gi???i tr??, c??ng tr??nh th??? thao quan tr???ng c???a ?????t n?????c, ?????ng th???i c??ng l?? ?????a ??i???m ???????c l???a ch???n ????? t??? ch???c nhi???u s??? ki???n ch??nh tr??? v?? th??? thao qu???c t???. ????y l?? n??i t???p trung nhi???u l??ng ngh??? truy???n th???ng, ?????ng th???i c??ng l?? 1 trong 3 v??ng t???p trung nhi???u h???i l??? c???a mi???n B???c Vi???t Nam. Th??nh ph??? c?? ch??? s??? ph??t tri???n con ng?????i ??? m???c cao, d???n ?????u trong s??? c??c ????n v??? h??nh ch??nh c???a Vi???t Nam. N???n ???m th???c H?? N???i v???i nhi???u n??t ri??ng bi???t c??ng l?? m???t trong nh???ng y???u t??? thu h??t kh??ch du l???ch t???i th??nh ph???. N??m 2019, H?? N???i l?? ????n v??? h??nh ch??nh Vi???t Nam x???p th??? 2 v??? t???ng s???n ph???m tr??n ?????a b??n (GRDP), x???p th??? 8 v??? GRDP b??nh qu??n ?????u ng?????i v?? ?????ng th??? 41 v??? t???c ????? t??ng tr?????ng GRDP. Th??nh ph??? ???????c UNESCO trao t???ng danh hi???u \"Th??nh ph??? v?? h??a b??nh\" v??o ng??y 16 th??ng 7 n??m 1999. Khu Ho??ng th??nh Th??ng Long c??ng ???????c t??? ch???c UNESCO c??ng nh???n l?? di s???n v??n h??a th??? gi???i.','2025-10-18 15:25:23','2025-10-18 15:25:23'),(13,'42','H?? T??nh','T???nh','T???nh H?? T??nh ???????c th??nh l???p l???n ?????u ti??n n??m 1831, ?????i vua Minh M???ng tr??n c?? s??? chia tr???n Ngh??? An th??nh 2 t???nh: Ngh??? An (ph??a B???c s??ng Lam); H?? T??nh (ph??a nam s??ng Lam). Theo ????, t???nh H?? T??nh l??c th??nh l???p v???i g???m 2 ph??? ?????c Th??? v?? H?? Hoa c???a tr???n Ngh??? An tr?????c ????.','2025-10-18 15:26:25','2025-10-18 15:26:25'),(14,'31','H???i Ph??ng','Th??nh ph???','H???i Ph??ng c??n ???????c g???i l?? ?????t C???ng hay Th??nh ph??? C???ng. Vi???c hoa ph?????ng ????? ???????c tr???ng r???ng r??i n??i ????y, v?? s???c hoa ?????c tr??ng tr??n nh???ng con ph???, c??ng khi???n H???i Ph??ng ???????c bi???t ?????n v???i m??? danh Th??nh ph??? Hoa Ph?????ng ?????. Kh??ng ch??? l?? m???t th??nh ph??? c???ng c??ng nghi???p, H???i Ph??ng c??n l?? m???t trong nh???ng n??i c?? ti???m n??ng du l???ch r???t l???n. H???i Ph??ng hi???n l??u gi??? nhi???u n??t h???p d???n v??? ki???n tr??c, bao g???m ki???n tr??c truy???n th???ng v???i c??c ch??a, ????nh, mi???u c??? v?? ki???n tr??c t??n c??? ??i???n Ph??p t???a l???c tr??n c??c khu ph??? c??.','2025-10-18 15:27:17','2025-10-18 15:27:17'),(15,'79','H??? Ch?? Minh','Th??nh ph???','?????a danh S??i G??n c?? tr??n 300 n??m v?? t???ng ???????c d??ng ????? ch??? m???t khu v???c v???i di???n t??ch kho???ng 1 km?? (Ch??? L???n) c?? ????ng ng?????i Hoa sinh s???ng trong th??? k??? 18. ?????a b??n ???? g???n t????ng ???ng v???i khu Ch??? L???n ng??y nay. N??m 1747, theo danh m???c c??c h??? ?????o trong Launay, Histoire de la Mission Cochinchine, c?? ghi ch??p \"Rai Gon Thong\" (S??i G??n Th?????ng) v?? \"Rai Gon Ha\" (S??i G??n H???). Theo Ph??? bi??n t???p l???c c???a L?? Qu?? ????n vi???t n??m 1776, n??m 1674, Th???ng su???t Nguy???n D????ng L??m v??ng l???nh ch??a Nguy???n ????nh Cao Mi??n v?? ph?? v??? \"L??y S??i G??n\" (theo ch??? H??n vi???t l?? ?????? ??? \"S??i C??n\").[15] ????y l?? l???n ?????u ti??n ch??? \"S??i G??n\" xu???t hi???n trong s??? li???u c???a ng?????i Vi???t. V?? h??? m?????n ??m c???a ch??? ??? ??? \"C??n\" ???????c d??ng th??? cho \"G??n\".','2025-10-18 15:29:43','2025-10-18 15:29:43'),(16,'46','Hu???','Th??nh ph???','Hu??? t???ng l?? kinh ???? (C??? ???? Hu???) c???a Vi???t Nam d?????i tri???u T??y S??n (1788???1801) v?? tri???u Nguy???n (1802???1945). Hi???n nay, th??nh ph??? l?? m???t trong nh???ng trung t??m v??? v??n h??a ??? du l???ch, y t??? chuy??n s??u, gi??o d???c ????o t???o, khoa h???c c??ng ngh??? c???a Mi???n Trung ??? T??y Nguy??n v?? c??? n?????c. Nh???ng ?????a danh n???i b???t l?? s??ng H????ng v?? nh???ng di s???n ????? l???i c???a tri???u ?????i phong ki???n, Th??nh ph??? c?? n??m danh hi???u UNESCO ??? Vi???t Nam: Qu???n th??? di t??ch C??? ???? Hu??? (1993), Nh?? nh???c cung ????nh Hu??? (2003), M???c b???n tri???u Nguy???n (2009), Ch??u b???n tri???u Nguy???n (2014) v?? H??? th???ng th?? v??n tr??n ki???n tr??c cung ????nh Hu??? (2016). ','2025-10-18 15:30:35','2025-10-18 15:30:35'),(17,'33','H??ng Y??n','T???nh','H??ng Y??n l?? m???t t???nh thu???c v??ng ?????ng b???ng s??ng H???ng, n???m ??? mi???n B???c Vi???t Nam, v???i trung t??m h??nh ch??nh c??ch th??? ???? H?? N???i kho???ng h??n 55 km v??? ph??a ????ng Nam. ????y l?? t???nh duy nh???t ??? ph??a B???c Vi???t Nam thu???n khi???t ?????ng b???ng, kh??ng c?? ?????i n??i.  H??ng Y??n l?? v??ng ?????t l??u gi??? nhi???u di t??ch l???ch s??? v???i truy???n th???ng v?? v??n h??a l??u ?????i, l?? qu?? h????ng c???a nhi???u danh nh??n v?? nh?? l??nh ?????o nh?? Tri???u Vi???t V????ng, Tr???n Th??? ?????, Ph???m Ng?? L??o, H???i Th?????ng L??n ??ng, L?? Qu?? ????n, Ho??ng Hoa Th??m, Ho??ng V??n Th??i, Nguy???n V??n Linh, T?? L??m...','2025-10-18 15:31:24','2025-10-18 15:31:24'),(18,'56','Kh??nh H??a','T???nh','Kh??nh H??a ng??y nay l?? ph???n ?????t c?? c???a x??? Kauthara thu???c v????ng qu???c Ch??m Pa. N??m 1653, l???y c??? vua Chi??m Th??nh l?? B?? T???m qu???y nhi???u d??n Vi???t ??? Ph?? Y??n, Ch??a Nguy???n Ph??c T???n sai quan cai c?? H??ng L???c ??em qu??n sang ????nh chi???m ???????c v??ng ?????t t??? s??ng Phan Rang tr??? ra ?????n Ph?? Y??n. N??m 1831, Vua Minh M???ng th??nh l???p t???nh Kh??nh H??a tr??n c?? s??? tr???n B??nh H??a. Sau l???n h???p nh???t v??o n??m 1975, ?????n n??m 1989, Qu???c h???i l???i chia t???nh Ph?? Kh??nh th??nh hai t???nh Ph?? Y??n v?? Kh??nh H??a cho ?????n ng??y nay. Kh??nh H??a c??ng l?? m???t trong nh???ng t???nh ???????c ?????nh h?????ng tr??? th??nh th??nh ph??? tr???c thu???c trung ????ng t???i Vi???t Nam.','2025-10-18 15:32:11','2025-10-18 15:32:11'),(19,'12','Lai Ch??u','T???nh','Lai Ch??u l?? m???t t???nh thu???c v??ng T??y B???c B???, Vi???t Nam.  Tr?????c n??m 2004, di???n t??ch h??nh ch??nh t???nh Lai Ch??u bao g???m c??? t???nh ??i???n Bi??n. Sau khi t??ch, Lai Ch??u hi???n t???i c?? v??? tr?? ph??a b???c gi??p t???nh V??n Nam c???a Trung Qu???c, ph??a t??y v?? ph??a t??y nam gi??p t???nh ??i???n Bi??n, ph??a ????ng gi??p t???nh L??o Cai, v?? ph??a nam gi??p t???nh S??n La. ????y l?? t???nh c?? di???n t??ch l???n th??? 10/63 t???nh th??nh Vi???t Nam','2025-10-18 15:33:22','2025-10-18 15:33:22'),(20,'68','L??m ?????ng','T???nh','L??m ?????ng l?? m???t t???nh thu???c v??ng duy??n h???i Nam Trung b??? v?? T??y Nguy??n, Mi???n Trung c???a Vi???t Nam. T??n t???nh L??m ?????ng c?? ngu???n g???c t??? s??? k???t h???p c???a 2 t???nh l??: t???nh L??m Vi??n (c??n ???????c g???i l?? Langbiang hay L??m Bi??n) v?? t???nh ?????ng Nai Th?????ng. \"L??m (???/Lin)\" c?? ngh??a l?? r???ng, \"?????ng (???/Tong)\" c?? ngh??a l?? ?????ng ru???ng; v???y n??n t??n g???i \"L??m ?????ng (??????/Lin Tong)\" c?? ngh??a l?? \"r???ng v?? ?????ng ru???ng\".','2025-10-18 15:34:52','2025-10-18 15:34:52');
/*!40000 ALTER TABLE `provinces` ENABLE KEYS */;
UNLOCK TABLES;

--
-- Table structure for table `roles`
--

DROP TABLE IF EXISTS `roles`;
/*!40101 SET @saved_cs_client     = @@character_set_client */;
/*!50503 SET character_set_client = utf8mb4 */;
CREATE TABLE `roles` (
  `id` int unsigned NOT NULL,
  `name` varchar(50) CHARACTER SET utf8mb4 COLLATE utf8mb4_unicode_ci NOT NULL,
  `description` varchar(255) CHARACTER SET utf8mb4 COLLATE utf8mb4_unicode_ci DEFAULT NULL,
  `created_at` timestamp NOT NULL DEFAULT CURRENT_TIMESTAMP,
  PRIMARY KEY (`id`)
) ENGINE=InnoDB DEFAULT CHARSET=utf8mb4 COLLATE=utf8mb4_unicode_ci;
/*!40101 SET character_set_client = @saved_cs_client */;

--
-- Dumping data for table `roles`
--

LOCK TABLES `roles` WRITE;
/*!40000 ALTER TABLE `roles` DISABLE KEYS */;
INSERT INTO `roles` VALUES (1,'admin','Quản trị viên hệ thống','2025-11-10 09:25:39'),(2,'provider','Nhà cung cấp xe','2025-11-10 09:25:39'),(3,'driver','Tài xế','2025-11-10 09:25:39'),(4,'user','Người dùng thông thường','2025-11-10 09:25:39');
/*!40000 ALTER TABLE `roles` ENABLE KEYS */;
UNLOCK TABLES;

--
-- Table structure for table `routes`
--

DROP TABLE IF EXISTS `routes`;
/*!40101 SET @saved_cs_client     = @@character_set_client */;
/*!50503 SET character_set_client = utf8mb4 */;
CREATE TABLE `routes` (
  `id` int unsigned NOT NULL AUTO_INCREMENT,
  `from_location_code` varchar(50) CHARACTER SET utf8mb4 COLLATE utf8mb4_unicode_ci NOT NULL,
  `destination_code` varchar(50) CHARACTER SET utf8mb4 COLLATE utf8mb4_unicode_ci NOT NULL,
  `name` varchar(255) CHARACTER SET utf8mb4 COLLATE utf8mb4_unicode_ci NOT NULL,
  `distance_km` int unsigned DEFAULT NULL,
  `duration_min` int unsigned DEFAULT NULL,
  `created_at` timestamp NULL DEFAULT NULL,
  `updated_at` timestamp NULL DEFAULT NULL,
  PRIMARY KEY (`id`)
) ENGINE=InnoDB AUTO_INCREMENT=193 DEFAULT CHARSET=utf8mb4 COLLATE=utf8mb4_unicode_ci;
/*!40101 SET character_set_client = @saved_cs_client */;

--
-- Dumping data for table `routes`
--

LOCK TABLES `routes` WRITE;
/*!40000 ALTER TABLE `routes` DISABLE KEYS */;
INSERT INTO `routes` VALUES (1,'91','24','Đường cao tốc Bắc Nam phía Đông',1902,1740,'2025-11-12 05:03:00','2025-11-12 05:03:01'),(2,'91','96','Đường xuyên Á',199,287,'2025-11-12 07:22:38','2025-11-12 07:22:39'),(3,'91','92','Quốc lộ 91',91,192,'2025-11-12 07:25:44','2025-11-12 07:25:45'),(4,'91','04','cao tốc 01',2143,2100,'2025-11-12 07:29:32','2025-11-12 07:29:32'),(5,'91','48','cao tốc 01',1142,1126,'2025-11-12 07:31:35','2025-11-12 07:31:36'),(6,'91','66','quốc lộ 14',589,755,'2025-11-12 07:34:26','2025-11-12 07:34:26'),(7,'91','11','cao tốc 01',2261,2340,'2025-11-12 07:35:53','2025-11-12 07:35:53'),(8,'91','75','cao tốc Bắc - Nam phía Đông',318,395,'2025-11-12 07:37:49','2025-11-12 07:37:49'),(9,'91','82','quốc lộ 91',103,138,'2025-11-12 07:39:16','2025-11-12 07:39:16'),(10,'91','52','cao tốc Bắc - Nam phía Đông',878,915,'2025-11-12 07:42:06','2025-11-12 07:42:06'),(11,'91','01','tuyến đường 13',1564,1740,'2025-11-12 07:44:17','2025-11-12 07:44:17'),(12,'91','42','cao tốc 01',1293,1560,'2025-11-12 07:45:29','2025-11-12 07:45:29'),(13,'91','31','tuyến đường 13',1640,1800,'2025-11-12 07:46:57','2025-11-12 07:46:58'),(14,'91','79','cao tốc 01',229,288,'2025-11-12 07:49:06','2025-11-12 07:49:06'),(15,'91','46','xuyên Á',1020,1216,'2025-11-12 07:50:50','2025-11-12 07:50:50'),(16,'91','33','tuyến đường 13',1532,1680,'2025-11-12 07:51:52','2025-11-12 07:51:53'),(17,'91','56','cao tốc 01',625,587,'2025-11-12 07:53:19','2025-11-12 07:53:19'),(18,'91','12','cao tốc 05',1952,2040,'2025-11-12 07:54:32','2025-11-12 07:54:32'),(19,'91','68','quốc lộ 20',459,545,'2025-11-12 07:55:32','2025-11-12 07:55:33'),(20,'24','96','cao tốc Bắc - Nam phía Đông',1965,1800,'2025-11-12 07:57:46','2025-11-12 07:57:46'),(21,'24','92','cao tốc 01',1825,1620,'2025-11-12 07:59:16','2025-11-12 07:59:17'),(22,'24','04','quốc lộ 4A',242,292,'2025-11-12 08:00:26','2025-11-12 08:00:27'),(23,'24','48','cao tốc 01',769,680,'2025-11-12 08:01:34','2025-11-12 08:01:34'),(24,'24','66','cao tốc 01',1317,1289,'2025-11-12 08:02:39','2025-11-12 08:02:39'),(25,'24','11','quốc lộ 6',542,702,'2025-11-12 08:03:38','2025-11-12 08:03:39'),(26,'24','75','cao tốc 01',1630,1440,'2025-11-12 08:04:39','2025-11-12 08:04:39'),(27,'24','82',' quốc lộ AH11/NR7',1607,1680,'2025-11-12 08:06:31','2025-11-12 08:06:31'),(28,'24','52','cao tốc 01',1186,1149,'2025-11-12 08:07:30','2025-11-12 08:07:31'),(29,'24','01','quốc lộ 1A',42,66,'2025-11-12 08:09:33','2025-11-12 08:09:34'),(30,'24','42','cao tốc 01',374,321,'2025-11-12 08:10:42','2025-11-12 08:10:42'),(31,'24','31','cao tốc Hà Nội - Hải Phòng',132,116,'2025-11-12 08:11:55','2025-11-12 08:11:56'),(32,'24','79','cao tốc 01',1676,1500,'2025-11-12 08:13:04','2025-11-12 08:13:04'),(33,'24','46','cao tốc 01',688,584,'2025-11-12 08:13:53','2025-11-12 08:13:53'),(34,'24','33','cao tốc 16',76,78,'2025-11-12 08:14:49','2025-11-12 08:14:49'),(35,'24','56','cao tốc 01',1307,1247,'2025-11-12 08:16:04','2025-11-12 08:16:05'),(36,'24','12','cao tốc 05',387,404,'2025-11-12 08:17:12','2025-11-12 08:17:13'),(37,'24','68','quốc lộ 24',1523,1560,'2025-11-12 08:18:12','2025-11-12 08:18:13'),(38,'96','92','quốc lộ Quản Lộ - Phụng Hiệp',174,252,'2025-11-12 08:20:54','2025-11-12 08:20:55'),(39,'96','04','tuyến đường 212',1993,2160,'2025-11-12 08:22:19','2025-11-12 08:22:19'),(40,'96','48','quốc lộ 24',1349,1382,'2025-11-12 08:23:41','2025-11-12 08:23:41'),(41,'96','66','quốc lộ 14',650,823,'2025-11-12 08:34:20','2025-11-12 08:34:20'),(42,'96','11','cao tốc 01',2260,2340,'2025-11-12 08:35:28','2025-11-12 08:35:28'),(43,'96','75','cao tốc Bắc - Nam phía Đông',395,591,'2025-11-12 08:36:50','2025-11-12 08:36:51'),(44,'96','82','quốc lộ Quản Lộ - Phụng Hiệp',221,282,'2025-11-12 08:37:43','2025-11-12 08:37:44'),(45,'96','52','cao tốc Bắc Nam',943,964,'2025-11-12 08:38:58','2025-11-12 08:38:59'),(46,'96','01','quốc lộ AH11/NR7',1771,1860,'2025-11-12 08:40:32','2025-11-12 08:40:33'),(47,'96','42','cao tốc 01',1432,1560,'2025-11-12 08:41:36','2025-11-12 08:41:37'),(48,'96','31','tuyến đường 13',1835,1980,'2025-11-12 08:42:31','2025-11-12 08:42:32'),(49,'96','79','quốc lộ Quản Lộ - Phụng Hiệp',295,333,'2025-11-12 08:43:36','2025-11-12 08:43:37'),(50,'96','46','cao tốc Bắc - Nam',1291,1274,'2025-11-12 08:44:23','2025-11-12 08:44:24'),(51,'96','33','tuyến đường 13',1727,1920,'2025-11-12 08:45:18','2025-11-12 08:45:18'),(52,'96','56','cao tốc 01',676,645,'2025-11-12 08:46:27','2025-11-12 08:46:28'),(53,'96','12','cao tốc 05',2147,2280,'2025-11-12 08:47:26','2025-11-12 08:47:26'),(54,'96','68','quốc lộ 20',525,642,'2025-11-12 08:48:09','2025-11-12 08:48:09'),(55,'92','04','tuyến đường 13',1896,2100,'2025-11-12 08:51:17','2025-11-12 08:51:18'),(56,'92','48','cao tốc 01',1105,1080,'2025-11-12 08:52:22','2025-11-12 08:52:22'),(57,'92','66','quốc lộ 14',546,706,'2025-11-12 08:54:02','2025-11-12 08:54:02'),(58,'92','11','cao tốc AH13',2149,2220,'2025-11-12 08:56:18','2025-11-12 08:56:18'),(59,'92','75','quốc lộ N2',275,440,'2025-11-12 08:57:54','2025-11-12 08:57:54'),(60,'92','82','cao tốc Cao Lãnh - Lộ Tẻ',67,94,'2025-11-12 08:58:54','2025-11-12 08:58:55'),(61,'92','52','cao tốc Bắc - Nam',840,849,'2025-11-12 09:00:10','2025-11-12 09:00:10'),(62,'92','01','tuyến đường 13',1628,1800,'2025-11-12 09:01:27','2025-11-12 09:01:27'),(63,'92','42','cao tốc 01',1301,1423,'2025-11-12 09:02:44','2025-11-12 09:02:44'),(64,'92','31','quốc lộ AH11/NR7',1716,1740,'2025-11-12 09:04:10','2025-11-12 09:04:10'),(65,'92','79','cao tốc 02',188,293,'2025-11-12 09:05:24','2025-11-12 09:05:25'),(66,'92','46','cao tốc Bắc - Nam',1188,1168,'2025-11-12 09:06:27','2025-11-12 09:06:28'),(67,'92','33','cao tốc Bắc - Nam',1188,1168,'2025-11-12 09:07:30','2025-11-12 09:07:30'),(68,'92','56','cao tốc Bắc - Nam',572,537,'2025-11-12 09:09:18','2025-11-12 09:09:18'),(69,'92','12','cao tốc 05',2016,2100,'2025-11-12 09:10:07','2025-11-12 09:10:07'),(70,'92','68','quốc lộ 20',421,532,'2025-11-12 09:10:57','2025-11-12 09:10:57'),(71,'04','48','cao tốc 01',1010,961,'2025-11-12 09:21:13','2025-11-12 09:21:14'),(72,'04','66','cao tốc 01',1558,1560,'2025-11-12 09:22:00','2025-11-12 09:22:01'),(73,'04','11','quốc lộ 4A',722,885,'2025-11-12 09:23:37','2025-11-12 09:23:37'),(74,'04','75','quốc lộ AH11/NR7',1814,1920,'2025-11-12 09:25:01','2025-11-12 09:25:02'),(75,'04','82','quốc lộ AH11/NR7',1847,1920,'2025-11-12 09:25:51','2025-11-12 09:25:51'),(76,'04','52','cao tốc 01',1426,1440,'2025-11-12 09:26:36','2025-11-12 09:26:36'),(77,'04','01','Hồ Chí Minh',276,360,'2025-11-12 09:27:47','2025-11-12 09:27:47'),(78,'04','42','quốc lộ 3',616,625,'2025-11-12 09:28:55','2025-11-12 09:28:56'),(79,'04','31','quốc lộ 5B',374,408,'2025-11-12 09:30:48','2025-11-12 09:30:48'),(80,'04','79','cao tốc 01',1921,1800,'2025-11-12 09:31:57','2025-11-12 09:31:57'),(81,'04','46','quốc lộ 3',929,888,'2025-11-12 09:33:11','2025-11-12 09:33:12'),(82,'04','33','Hồ Chí Minh',318,368,'2025-11-12 09:34:09','2025-11-12 09:34:09'),(83,'04','56','cao tốc 01',1547,1500,'2025-11-12 09:35:48','2025-11-12 09:35:48'),(84,'04','12','cao tốc 05',612,685,'2025-11-12 09:36:54','2025-11-12 09:36:54'),(85,'04','68','cao tốc 01',1725,1680,'2025-11-12 09:38:08','2025-11-12 09:38:08'),(86,'48','66','quốc lộ 24',558,622,'2025-11-12 09:39:53','2025-11-12 09:39:53'),(87,'48','11','cao tốc 01',1062,1140,'2025-11-12 09:40:44','2025-11-12 09:40:45'),(88,'48','75','cao tốc Bắc - Nam',870,810,'2025-11-12 09:42:05','2025-11-12 09:42:05'),(89,'48','82','quốc lộ 14',1056,1200,'2025-11-12 09:43:23','2025-11-12 09:43:23'),(90,'48','82','quốc lộ 14',1056,1200,'2025-11-12 09:43:23','2025-11-12 09:43:23'),(91,'48','52','cao tốc 01',441,514,'2025-11-12 09:45:19','2025-11-12 09:45:20'),(92,'48','01','cao tốc 01',741,660,'2025-11-12 09:46:14','2025-11-12 09:46:14'),(93,'48','42','cao tốc 01',401,374,'2025-11-12 09:47:05','2025-11-12 09:47:05'),(94,'48','31','cao tốc 01',816,717,'2025-11-12 09:47:48','2025-11-12 09:47:48'),(95,'48','79','quốc lộ 14',893,1080,'2025-11-12 09:48:51','2025-11-12 09:48:51'),(96,'48','46','quốc lộ 1A',92,124,'2025-11-12 09:49:41','2025-11-12 09:49:41'),(97,'48','33','cao tốc 01',708,612,'2025-11-12 09:50:20','2025-11-12 09:50:21'),(98,'48','56','cao tốc 01',547,585,'2025-11-12 09:51:18','2025-11-12 09:51:19'),(99,'48','12','cao tốc 01',1116,1064,'2025-11-12 09:52:06','2025-11-12 09:52:06'),(100,'48','68','quốc lộ 24',763,905,'2025-11-12 09:53:04','2025-11-12 09:53:05'),(101,'66','11','quốc lộ 6',1797,2040,'2025-11-12 09:55:00','2025-11-12 09:55:01'),(102,'66','75','Hồ Chí Minh',1797,2040,'2025-11-12 09:56:48','2025-11-12 09:56:48'),(103,'66','82','đường tỉnh 741',489,632,'2025-11-12 09:58:29','2025-11-12 09:58:30'),(104,'66','52','Trường Sơn Đông',177,243,'2025-11-12 09:59:27','2025-11-12 09:59:28'),(105,'66','01','cao tốc Đà Nẵng - Quãng Ngãi',1290,1270,'2025-11-12 10:00:44','2025-11-12 10:00:45'),(106,'66','42','cao tốc Đà Nẵng - Quãng Ngãi',939,1007,'2025-11-12 10:02:01','2025-11-12 10:02:01'),(107,'66','31','cao tốc Đà Nẵng - Quãng Ngãi',1353,1354,'2025-11-12 10:02:56','2025-11-12 10:02:56'),(108,'66','79','đường tỉnh 741',367,515,'2025-11-12 10:04:04','2025-11-12 10:04:05'),(109,'66','46','quốc lộ 24',641,717,'2025-11-12 10:04:48','2025-11-12 10:04:48'),(110,'66','33','cao tốc 01',1258,1217,'2025-11-12 10:05:37','2025-11-12 10:05:38'),(111,'66','56','quốc lộ 36',173,220,'2025-11-12 10:06:44','2025-11-12 10:06:45'),(112,'66','12','cao tốc 05',1790,1920,'2025-11-12 10:07:41','2025-11-12 10:07:41'),(113,'66','68','quốc lộ 27',224,331,'2025-11-12 10:08:26','2025-11-12 10:08:27'),(114,'11','75','cao tốc 01',1923,1860,'2025-11-12 10:11:25','2025-11-12 10:11:26'),(115,'11','82','quốc lộ 6',1901,2100,'2025-11-12 10:12:21','2025-11-12 10:12:22'),(116,'11','52','cao tốc 01',1480,1620,'2025-11-12 10:13:05','2025-11-12 10:13:06'),(117,'11','01','quốc lộ 37',454,626,'2025-11-12 10:14:01','2025-11-12 10:14:01'),(119,'11','42','cao tốc Bắc - Nam',668,764,'2025-11-12 10:14:58','2025-11-12 10:14:58'),(120,'11','31','quốc lộ 6',571,688,'2025-11-12 10:23:05','2025-11-12 10:23:06'),(121,'11','79','quốc lộ AH11/NR7',1832,2100,'2025-11-12 10:24:14','2025-11-12 10:24:15'),(122,'11','46','cao tốc 01',981,1035,'2025-11-12 10:24:57','2025-11-12 10:24:57'),(123,'11','33','quốc lộ 279',489,706,'2025-11-12 10:25:40','2025-11-12 10:25:40'),(124,'11','56','cao tốc 01',1601,1680,'2025-11-12 10:26:41','2025-11-12 10:26:42'),(125,'11','12','quốc lộ 12',200,266,'2025-11-12 10:27:25','2025-11-12 10:27:25'),(126,'11','68','cao tốc 01',1778,1860,'2025-11-12 10:28:17','2025-11-12 10:28:17'),(127,'75','82','quốc lộ N2',223,305,'2025-11-12 10:29:48','2025-11-12 10:29:49'),(128,'75','52','Trường Sơn Đông',608,604,'2025-11-12 10:30:44','2025-11-12 10:30:44'),(129,'75','01','cao tốc 01',1603,1500,'2025-11-12 10:31:39','2025-11-12 10:31:39'),(130,'75','42','cao tốc Bắc - Nam',1264,1200,'2025-11-12 10:33:30','2025-11-12 10:33:31'),(131,'75','31','tuyến đường 13',1608,1560,'2025-11-12 10:34:18','2025-11-12 10:34:19'),(132,'75','79','cao tốc 29',101,154,'2025-11-12 10:35:44','2025-11-12 10:35:45'),(133,'75','46','cao tốc 01',955,934,'2025-11-12 10:36:38','2025-11-12 10:36:39'),(134,'75','33','cao tốc 01',1571,1440,'2025-11-12 10:37:19','2025-11-12 10:37:20'),(135,'75','56','tỉnh 763',1571,1440,'2025-11-12 10:38:07','2025-11-12 10:38:08'),(136,'75','12','tuyến đường 13',1908,2100,'2025-11-12 10:39:34','2025-11-12 10:39:34'),(137,'75','68','quốc lộ 20',148,224,'2025-11-12 10:40:41','2025-11-12 10:40:41'),(138,'82','52','quốc lộ 14',633,820,'2025-11-12 10:44:39','2025-11-12 10:44:40'),(139,'82','01','tuyến đường 13',1566,1740,'2025-11-12 10:46:06','2025-11-12 10:46:06'),(140,'82','42','cao tốc 01',1239,1357,'2025-11-12 10:46:57','2025-11-12 10:46:57'),(141,'82','31','quốc lộ AH11/NR7',1654,1680,'2025-11-12 10:47:52','2025-11-12 10:47:53'),(142,'82','79','quốc lộ N2',129,211,'2025-11-12 10:48:39','2025-11-12 10:48:40'),(143,'82','46','cao tốc Bắc - Nam',1141,1117,'2025-11-12 10:49:45','2025-11-12 10:49:45'),(144,'82','33','cao tốc 01',1758,1620,'2025-11-12 10:50:35','2025-11-12 10:50:35'),(145,'82','56','cao tốc 01',525,491,'2025-11-12 10:51:19','2025-11-12 10:51:20'),(146,'82','12','cao tốc 05',1954,2040,'2025-11-12 10:52:03','2025-11-12 10:52:03'),(147,'82','68','quốc lộ 20',375,475,'2025-11-12 10:52:58','2025-11-12 10:52:58'),(148,'52','01','cao tốc 01',1158,1147,'2025-11-12 10:54:38','2025-11-12 10:54:38'),(149,'52','42','quốc lộ 24',819,885,'2025-11-12 10:55:26','2025-11-12 10:55:27'),(150,'52','31','cao tốc 01',1233,1197,'2025-11-12 10:56:23','2025-11-12 10:56:23'),(151,'52','79','Hồ Chí Minh',512,660,'2025-11-12 10:57:30','2025-11-12 10:57:30'),(152,'52','46','quốc lộ 24',510,602,'2025-11-12 10:58:16','2025-11-12 10:58:16'),(153,'52','33','cao tốc 01',1125,1104,'2025-11-12 10:59:18','2025-11-12 10:59:18'),(154,'52','56','quốc lộ 26',289,355,'2025-11-12 11:00:03','2025-11-12 11:00:03'),(155,'52','12','cao tốc nội bài Lào Cai',1662,1800,'2025-11-12 11:00:45','2025-11-12 11:00:45'),(156,'52','68','quốc lộ 27',384,527,'2025-11-12 11:01:28','2025-11-12 11:01:28'),(157,'01','42','cao tốc Cầu Giẽ - Ninh Bình',355,373,'2025-11-12 11:03:09','2025-11-12 11:03:09'),(158,'01','31','vành đai 2',121,127,'2025-11-12 11:04:06','2025-11-12 11:04:06'),(159,'01','79','cao tốc 01',1656,1560,'2025-11-12 11:04:59','2025-11-12 11:05:00'),(160,'01','46','cao tốc 01',660,592,'2025-11-12 11:05:36','2025-11-12 11:05:36'),(161,'01','33','cao tốc Hà Nội - Ninh Bình',60,89,'2025-11-12 11:07:23','2025-11-12 11:07:23'),(162,'01','56','cao tốc 01',1285,1237,'2025-11-12 11:08:23','2025-11-12 11:08:23'),(163,'01','12','cao tốc Nội Bài -Lào Cai',383,422,'2025-11-12 11:09:50','2025-11-12 11:09:50'),(164,'01','68','cao tốc 01',1459,1440,'2025-11-12 11:10:44','2025-11-12 11:10:44'),(165,'42','31','quốc lộ 10',391,357,'2025-11-12 11:12:14','2025-11-12 11:12:15'),(166,'42','79','quốc lộ AH11/NR7',1158,1273,'2025-11-12 11:13:11','2025-11-12 11:13:12'),(167,'42','46','quốc lộ 1A',312,318,'2025-11-12 11:13:48','2025-11-12 11:13:48'),(168,'42','33','đường tỉnh 56',314,291,'2025-11-12 11:14:57','2025-11-12 11:14:57'),(169,'42','56','quốc lộ 24',1088,1168,'2025-11-12 11:15:41','2025-11-12 11:15:42'),(170,'42','12','cao tốc Nội Bài - Lào Cai',725,687,'2025-11-12 11:16:21','2025-11-12 11:16:21'),(171,'42','68','quốc lộ 24',1156,1299,'2025-11-12 11:17:13','2025-11-12 11:17:13'),(172,'31','79','cao tốc 01',1726,1560,'2025-11-12 11:19:11','2025-11-12 11:19:11'),(173,'31','46','cao tốc 01',735,640,'2025-11-12 11:19:50','2025-11-12 11:19:50'),(174,'31','33','cao tốc Nội Bài - Hải Phòng',112,98,'2025-11-12 11:20:34','2025-11-12 11:20:34'),(175,'31','56','quốc lộ 24',1502,1500,'2025-11-12 11:21:27','2025-11-12 11:21:27'),(176,'31','12','cao tốc Nội Bài - Lào Cai',505,506,'2025-11-12 11:22:15','2025-11-12 11:22:15'),(177,'31','68','quốc lộ 24',1571,1620,'2025-11-12 11:22:57','2025-11-12 11:22:58'),(178,'79','46','cao tốc 02',976,1140,'2025-11-12 11:24:47','2025-11-12 11:24:47'),(179,'79','33','cao tốc NR76',1612,1560,'2025-11-12 11:25:56','2025-11-12 11:25:56'),(180,'79','56','cao tốc Bắc Nam',390,351,'2025-11-12 11:26:45','2025-11-12 11:26:46'),(181,'79','12','cao tốc AH11/NR7',1877,1980,'2025-11-12 11:27:47','2025-11-12 11:27:48'),(182,'79','68','cao tốc Bắc - Nam',274,312,'2025-11-12 11:28:32','2025-11-12 11:28:32'),(183,'46','33','cao tốc 01',627,541,'2025-11-12 11:29:21','2025-11-12 11:29:21'),(184,'46','56','cao tốc Đà Nẵng - Quãng Ngãi',637,663,'2025-11-12 11:30:13','2025-11-12 11:30:13'),(185,'46','12','quốc lộ 6',1015,1127,'2025-11-12 11:31:07','2025-11-12 11:31:07'),(186,'46','68','quốc lộ 24',847,999,'2025-11-12 11:31:53','2025-11-12 11:31:53'),(187,'33','56','cao tốc 01',1253,1200,'2025-11-12 11:32:48','2025-11-12 11:32:48'),(188,'33','12','cao tốc Nội Bài - Lào Cai',447,474,'2025-11-12 11:34:36','2025-11-12 11:34:36'),(189,'33','68','cao tốc 01',1427,1427,'2025-11-12 11:35:33','2025-11-12 11:35:33'),(190,'56','12','cao tốc 01',1657,1560,'2025-11-12 11:36:13','2025-11-12 11:36:13'),(191,'56','68','quốc lộ 27C',204,268,'2025-11-12 11:37:02','2025-11-12 11:37:02'),(192,'12','68','cao tốc 01',1834,1860,'2025-11-12 11:37:50','2025-11-12 11:37:50');
/*!40000 ALTER TABLE `routes` ENABLE KEYS */;
UNLOCK TABLES;

--
-- Table structure for table `travel_imgs`
--

DROP TABLE IF EXISTS `travel_imgs`;
/*!40101 SET @saved_cs_client     = @@character_set_client */;
/*!50503 SET character_set_client = utf8mb4 */;
CREATE TABLE `travel_imgs` (
  `id` int unsigned NOT NULL AUTO_INCREMENT,
  `id_travel_spot` int unsigned NOT NULL,
  `url` varchar(255) CHARACTER SET utf8mb4 COLLATE utf8mb4_unicode_ci NOT NULL,
  `publicUrl` varchar(255) CHARACTER SET utf8mb4 COLLATE utf8mb4_unicode_ci DEFAULT NULL,
  `created_at` timestamp NULL DEFAULT NULL,
  `updated_at` timestamp NULL DEFAULT NULL,
  PRIMARY KEY (`id`),
  KEY `travel_imgs_id_travel_spot_foreign` (`id_travel_spot`),
  CONSTRAINT `travel_imgs_id_travel_spot_foreign` FOREIGN KEY (`id_travel_spot`) REFERENCES `travel_spots` (`id`) ON DELETE CASCADE
) ENGINE=InnoDB AUTO_INCREMENT=10 DEFAULT CHARSET=utf8mb4 COLLATE=utf8mb4_unicode_ci;
/*!40101 SET character_set_client = @saved_cs_client */;

--
-- Dumping data for table `travel_imgs`
--

LOCK TABLES `travel_imgs` WRITE;
/*!40000 ALTER TABLE `travel_imgs` DISABLE KEYS */;
INSERT INTO `travel_imgs` VALUES (1,1,'/uploads/travel-spots/rung-tram-tra-su-an-giang/travel_spot_68f3b59976e973.44179453_download__2_.jpg','download (2).jpg','2025-10-18 15:43:21','2025-10-18 15:43:21'),(2,1,'/uploads/travel-spots/rung-tram-tra-su-an-giang/travel_spot_68f3b599874de2.89197200_download.jpg','download.jpg','2025-10-18 15:43:21','2025-10-18 15:43:21'),(3,1,'/uploads/travel-spots/rung-tram-tra-su-an-giang/travel_spot_68f3b599960165.44575558_download__1_.jpg','download (1).jpg','2025-10-18 15:43:21','2025-10-18 15:43:21'),(4,2,'/uploads/travel-spots/thot-not-trai-tim-an-giang/travel_spot_68f79e76305a02.01440812_download__2_.jpg','download (2).jpg','2025-10-21 14:53:42','2025-10-21 14:53:42'),(5,2,'/uploads/travel-spots/thot-not-trai-tim-an-giang/travel_spot_68f79e763fd5c8.35465781_download.jpg','download.jpg','2025-10-21 14:53:42','2025-10-21 14:53:42'),(6,2,'/uploads/travel-spots/thot-not-trai-tim-an-giang/travel_spot_68f79e7648b9c1.68096892_download__3_.jpg','download (3).jpg','2025-10-21 14:53:42','2025-10-21 14:53:42'),(7,3,'/uploads/travel-spots/bun-ca-hieu-thuan-thanh-pho-long-xuyen-an-giang/travel_spot_68f79ff73eed88.38077967_download__2_.jpg','download (2).jpg','2025-10-21 15:00:07','2025-10-21 15:00:07'),(8,3,'/uploads/travel-spots/bun-ca-hieu-thuan-thanh-pho-long-xuyen-an-giang/travel_spot_68f79ff74768d3.55209833_download.jpg','download.jpg','2025-10-21 15:00:07','2025-10-21 15:00:07'),(9,3,'/uploads/travel-spots/bun-ca-hieu-thuan-thanh-pho-long-xuyen-an-giang/travel_spot_68f79ff74fa312.96216901_download__1_.jpg','download (1).jpg','2025-10-21 15:00:07','2025-10-21 15:00:07');
/*!40000 ALTER TABLE `travel_imgs` ENABLE KEYS */;
UNLOCK TABLES;

--
-- Table structure for table `travel_spots`
--

DROP TABLE IF EXISTS `travel_spots`;
/*!40101 SET @saved_cs_client     = @@character_set_client */;
/*!50503 SET character_set_client = utf8mb4 */;
CREATE TABLE `travel_spots` (
  `id` int unsigned NOT NULL AUTO_INCREMENT,
  `name` varchar(255) CHARACTER SET utf8mb4 COLLATE utf8mb4_unicode_ci NOT NULL,
  `description` text CHARACTER SET utf8mb4 COLLATE utf8mb4_unicode_ci,
  `province_id` int unsigned NOT NULL,
  `open_time` time DEFAULT NULL,
  `close_time` time DEFAULT NULL,
  `average_rate` decimal(3,2) NOT NULL DEFAULT '0.00',
  `price_from` decimal(10,2) DEFAULT NULL,
  `price_to` decimal(10,2) DEFAULT NULL,
  `total_rates` int unsigned NOT NULL DEFAULT '0',
  `full_address` varchar(255) CHARACTER SET utf8mb4 COLLATE utf8mb4_unicode_ci DEFAULT NULL,
  `created_at` timestamp NULL DEFAULT NULL,
  `updated_at` timestamp NULL DEFAULT NULL,
  PRIMARY KEY (`id`),
  KEY `travel_spots_province_id_foreign` (`province_id`),
  CONSTRAINT `travel_spots_province_id_foreign` FOREIGN KEY (`province_id`) REFERENCES `provinces` (`id`) ON DELETE CASCADE
) ENGINE=InnoDB AUTO_INCREMENT=4 DEFAULT CHARSET=utf8mb4 COLLATE=utf8mb4_unicode_ci;
/*!40101 SET character_set_client = @saved_cs_client */;

--
-- Dumping data for table `travel_spots`
--

LOCK TABLES `travel_spots` WRITE;
/*!40000 ALTER TABLE `travel_spots` DISABLE KEYS */;
INSERT INTO `travel_spots` VALUES (1,'R???ng Tr??m Tr?? S?? - An Giang','???????c xem l?? khu r???ng tr??m ?????p nh???t v?? n???i ti???ng nh???t Vi???t Nam, r???ng tr??m Tr?? S?? mang ?????n cho du kh??ch m???t c??i nh??n tuy???t v???i v??? v??ng sinh th??i ?????c tr??ng c???a ?????ng b???ng s??ng C???u Long. Khi m??a n?????c n???i v???, h??y ?????n ????y ????? h??a m??nh v??o khung c???nh thi??n nhi??n tuy???t ?????p.',1,'07:30:00','16:30:00',0.00,150000.00,170000.00,0,'X?? V??n Gi??o, huy???n T???nh Bi??n, T???nh An Giang','2025-10-18 15:43:21','2025-10-18 15:43:21'),(2,'Th???t N???t Tr??i Tim - An Giang','??i???m nh???n ?????c ????o v?? kh??ng th??? b??? qua tr??n h??nh tr??nh kh??m ph?? An Giang ch??nh l?? c??y th???t n???t tr??i tim. ????y l?? c???m c??y th???t n???t m?? ph???n th??n v?? t??n l?? t???o th??nh h??nh tr??i tim t??? nhi??n v?? c??ng ???n t?????ng. T???a l???c tr??n ??o???n ???????ng t??? H??? T?? P??? ?????n H??? ?? Thum, c??y th???t n???t tr??i tim n???i b???t gi???a b???c tranh thi??n nhi??n xanh m??t v???i b???u tr???i trong xanh, ?????ng l??a m?????t m??t v?? h??? n?????c lung linh.',1,'07:30:00','17:00:00',0.00,120000.00,150000.00,0,' X?? An T???c, huy???n Tri T??n, T???nh An Giang','2025-10-21 14:53:42','2025-10-21 14:53:42'),(3,'B??n c?? Hi???u Thu???n (Th??nh ph??? Long Xuy??n) - An Giang','Kh??ch du l???ch ?????n v???i An Giang ch???c ch???n kh??ng th??? b??? qua m??n b??n c?? ?????c s???n. B??n c?? ??? ????y n???i ti???ng l?? do n?????c d??ng ?????m ???? ???????c n???u b???ng ng???i b??n v?? ngh??? t????i, th???t c?? l??c ch???c n???ch, t????i ngon. V?? m???t trong nh???ng qu??n b??n b??n c?? tr??? danh ??? An Giang ch??nh l?? b??n c?? Hi???u Thu???n. Qu??n b??n c?? n??y ???? duy tr?? ??? ?????t An Giang ?????n 30 n??m, tr??? th??nh ???qu??n b??n k??? l???c??? trong l??ng ng?????i ?????a ph????ng.',1,'07:30:00','18:00:00',0.00,30000.00,40000.00,0,'18/2A L?? L???i, P. M??? B??nh, Th??nh ph??? Long Xuy??n, An Giang, Vi???t Nam, T???nh An Giang','2025-10-21 15:00:07','2025-10-21 15:00:07');
/*!40000 ALTER TABLE `travel_spots` ENABLE KEYS */;
UNLOCK TABLES;

--
-- Table structure for table `users`
--

DROP TABLE IF EXISTS `users`;
/*!40101 SET @saved_cs_client     = @@character_set_client */;
/*!50503 SET character_set_client = utf8mb4 */;
CREATE TABLE `users` (
  `id` int unsigned NOT NULL AUTO_INCREMENT,
  `first_name` varchar(100) CHARACTER SET utf8mb4 COLLATE utf8mb4_unicode_ci NOT NULL,
  `last_name` varchar(100) CHARACTER SET utf8mb4 COLLATE utf8mb4_unicode_ci NOT NULL,
  `password` varchar(255) CHARACTER SET utf8mb4 COLLATE utf8mb4_unicode_ci NOT NULL,
  `email` varchar(150) CHARACTER SET utf8mb4 COLLATE utf8mb4_unicode_ci NOT NULL,
  `phone_number` varchar(20) CHARACTER SET utf8mb4 COLLATE utf8mb4_unicode_ci DEFAULT NULL,
  `portrait` varchar(255) CHARACTER SET utf8mb4 COLLATE utf8mb4_unicode_ci DEFAULT NULL,
  `gender` enum('male','female','other') CHARACTER SET utf8mb4 COLLATE utf8mb4_unicode_ci DEFAULT 'male',
  `date_of_birth` date DEFAULT NULL,
  `CCCD` varchar(20) CHARACTER SET utf8mb4 COLLATE utf8mb4_unicode_ci DEFAULT NULL,
  `address` varchar(255) CHARACTER SET utf8mb4 COLLATE utf8mb4_unicode_ci DEFAULT NULL,
  `province_id` int unsigned DEFAULT NULL,
  `role_id` int unsigned NOT NULL DEFAULT '4',
  `created_at` timestamp NOT NULL DEFAULT CURRENT_TIMESTAMP,
  `updated_at` timestamp NOT NULL DEFAULT CURRENT_TIMESTAMP ON UPDATE CURRENT_TIMESTAMP,
  PRIMARY KEY (`id`),
  UNIQUE KEY `email` (`email`),
  KEY `fk_users_role` (`role_id`),
  CONSTRAINT `fk_users_role` FOREIGN KEY (`role_id`) REFERENCES `roles` (`id`) ON DELETE RESTRICT ON UPDATE CASCADE
) ENGINE=InnoDB AUTO_INCREMENT=3 DEFAULT CHARSET=utf8mb4 COLLATE=utf8mb4_unicode_ci;
/*!40101 SET character_set_client = @saved_cs_client */;

--
-- Dumping data for table `users`
--

LOCK TABLES `users` WRITE;
/*!40000 ALTER TABLE `users` DISABLE KEYS */;
INSERT INTO `users` VALUES (1,'Nguyen','Karen','Nthuw.665','karanguyen6605@gmail.com','0866197024',NULL,'female','2005-06-06','123456789','Hanoi',15,4,'2025-11-10 09:44:51','2025-11-10 09:44:51'),(2,'Phong','Nguyễn','$2y$12$jT1r0GFstkwxW.EecvFsieb6SMnGTt4cFxPd1Zdlsw9tE25.e5fyS','nguyenna@gmail.com','1234567891','','male','2025-11-08','123456789123','212 Ngô Mây',11,4,'2025-11-11 15:57:25','2025-11-11 15:57:25');
/*!40000 ALTER TABLE `users` ENABLE KEYS */;
UNLOCK TABLES;
/*!40103 SET TIME_ZONE=@OLD_TIME_ZONE */;

/*!40101 SET SQL_MODE=@OLD_SQL_MODE */;
/*!40014 SET FOREIGN_KEY_CHECKS=@OLD_FOREIGN_KEY_CHECKS */;
/*!40014 SET UNIQUE_CHECKS=@OLD_UNIQUE_CHECKS */;
/*!40101 SET CHARACTER_SET_CLIENT=@OLD_CHARACTER_SET_CLIENT */;
/*!40101 SET CHARACTER_SET_RESULTS=@OLD_CHARACTER_SET_RESULTS */;
/*!40101 SET COLLATION_CONNECTION=@OLD_COLLATION_CONNECTION */;
/*!40111 SET SQL_NOTES=@OLD_SQL_NOTES */;

-- Dump completed on 2025-11-13 18:04:43
