-- MySQL dump 10.13  Distrib 8.0.44, for Win64 (x86_64)
--
-- Host: localhost    Database: booking
-- ------------------------------------------------------
-- Server version	8.0.44

/*!40101 SET @OLD_CHARACTER_SET_CLIENT=@@CHARACTER_SET_CLIENT */;
/*!40101 SET @OLD_CHARACTER_SET_RESULTS=@@CHARACTER_SET_RESULTS */;
/*!40101 SET @OLD_COLLATION_CONNECTION=@@COLLATION_CONNECTION */;
/*!50503 SET NAMES utf8 */;
/*!40103 SET @OLD_TIME_ZONE=@@TIME_ZONE */;
/*!40103 SET TIME_ZONE='+00:00' */;
/*!40014 SET @OLD_UNIQUE_CHECKS=@@UNIQUE_CHECKS, UNIQUE_CHECKS=0 */;
/*!40014 SET @OLD_FOREIGN_KEY_CHECKS=@@FOREIGN_KEY_CHECKS, FOREIGN_KEY_CHECKS=0 */;
/*!40101 SET @OLD_SQL_MODE=@@SQL_MODE, SQL_MODE='NO_AUTO_VALUE_ON_ZERO' */;
/*!40111 SET @OLD_SQL_NOTES=@@SQL_NOTES, SQL_NOTES=0 */;

--
-- Table structure for table `banned_providers`
--

DROP TABLE IF EXISTS `banned_providers`;
/*!40101 SET @saved_cs_client     = @@character_set_client */;
/*!50503 SET character_set_client = utf8mb4 */;
CREATE TABLE `banned_providers` (
  `id` int unsigned NOT NULL AUTO_INCREMENT,
  `provider_id` int unsigned NOT NULL,
  `is_banned` tinyint NOT NULL DEFAULT '1',
  `reason` text CHARACTER SET utf8mb4 COLLATE utf8mb4_unicode_ci,
  `banned_at` timestamp NOT NULL DEFAULT CURRENT_TIMESTAMP,
  `created_at` timestamp NULL DEFAULT NULL,
  `updated_at` timestamp NULL DEFAULT NULL,
  PRIMARY KEY (`id`)
) ENGINE=InnoDB DEFAULT CHARSET=utf8mb4 COLLATE=utf8mb4_unicode_ci;
/*!40101 SET character_set_client = @saved_cs_client */;

--
-- Dumping data for table `banned_providers`
--

LOCK TABLES `banned_providers` WRITE;
/*!40000 ALTER TABLE `banned_providers` DISABLE KEYS */;
/*!40000 ALTER TABLE `banned_providers` ENABLE KEYS */;
UNLOCK TABLES;

--
-- Table structure for table `bookings`
--

DROP TABLE IF EXISTS `bookings`;
/*!40101 SET @saved_cs_client     = @@character_set_client */;
/*!50503 SET character_set_client = utf8mb4 */;
CREATE TABLE `bookings` (
  `id` int unsigned NOT NULL AUTO_INCREMENT,
  `user_id` int unsigned NOT NULL,
  `provider_id` int unsigned NOT NULL,
  `vehicle_id` int unsigned NOT NULL,
  `from_location` varchar(255) CHARACTER SET utf8mb4 COLLATE utf8mb4_unicode_ci NOT NULL,
  `destination` varchar(255) CHARACTER SET utf8mb4 COLLATE utf8mb4_unicode_ci NOT NULL,
  `distance` int unsigned NOT NULL,
  `from_date` datetime NOT NULL,
  `to_date` datetime NOT NULL,
  `total_days` int NOT NULL DEFAULT '1',
  `total_amount` decimal(12,2) NOT NULL DEFAULT '0.00',
  `status` varchar(255) CHARACTER SET utf8mb4 COLLATE utf8mb4_unicode_ci NOT NULL DEFAULT 'pending',
  `created_at` timestamp NULL DEFAULT NULL,
  `updated_at` timestamp NULL DEFAULT NULL,
  PRIMARY KEY (`id`),
  KEY `bookings_user_id_provider_id_index` (`user_id`,`provider_id`),
  KEY `bookings_vehicle_id_index` (`vehicle_id`)
) ENGINE=InnoDB AUTO_INCREMENT=11 DEFAULT CHARSET=utf8mb4 COLLATE=utf8mb4_unicode_ci;
/*!40101 SET character_set_client = @saved_cs_client */;

--
-- Dumping data for table `bookings`
--

LOCK TABLES `bookings` WRITE;
/*!40000 ALTER TABLE `bookings` DISABLE KEYS */;
INSERT INTO `bookings` VALUES (6,3,3,19,'C?? Mau','?????ng Th??p',221,'2025-11-26 00:00:00','2025-11-28 00:00:00',2,5325858.00,'pending','2025-11-25 05:29:46','2025-11-25 05:29:46'),(7,10,13,29,'Đồng Nai','Bắc Ninh',1630,'2025-11-30 00:00:00','2025-12-02 00:00:00',2,7122248.00,'paid','2025-11-30 15:54:54','2025-11-30 15:57:04'),(8,17,13,31,'Đắk Lắk','Lâm Đồng',224,'2025-12-10 00:00:00','2025-12-13 00:00:00',3,2200383.00,'pending','2025-12-09 12:30:40','2025-12-09 12:30:40'),(9,35,13,31,'TP. Hồ Chí Minh','Hải Phòng',1726,'2025-12-05 00:00:00','2025-12-06 00:00:00',1,4790679.00,'pending','2025-12-09 18:19:37','2025-12-09 18:19:37'),(10,35,13,31,'TP. Hồ Chí Minh','Hải Phòng',1726,'2025-12-04 00:00:00','2025-12-05 00:00:00',1,4790679.00,'pending','2025-12-09 18:20:26','2025-12-09 18:20:26');
/*!40000 ALTER TABLE `bookings` ENABLE KEYS */;
UNLOCK TABLES;

--
-- Table structure for table `costs_related_providers`
--

DROP TABLE IF EXISTS `costs_related_providers`;
/*!40101 SET @saved_cs_client     = @@character_set_client */;
/*!50503 SET character_set_client = utf8mb4 */;
CREATE TABLE `costs_related_providers` (
  `id` int unsigned NOT NULL AUTO_INCREMENT,
  `provider_id` int unsigned NOT NULL,
  `driver_fee_per_hour` decimal(10,2) NOT NULL,
  `profit_margin` decimal(5,2) NOT NULL,
  `created_at` timestamp NULL DEFAULT NULL,
  `updated_at` timestamp NULL DEFAULT NULL,
  PRIMARY KEY (`id`),
  UNIQUE KEY `unique_provider_extra_cost` (`provider_id`)
) ENGINE=InnoDB AUTO_INCREMENT=4 DEFAULT CHARSET=utf8mb4 COLLATE=utf8mb4_unicode_ci;
/*!40101 SET character_set_client = @saved_cs_client */;

--
-- Dumping data for table `costs_related_providers`
--

LOCK TABLES `costs_related_providers` WRITE;
/*!40000 ALTER TABLE `costs_related_providers` DISABLE KEYS */;
INSERT INTO `costs_related_providers` VALUES (1,3,80000.00,10.00,'2025-11-22 05:40:32','2025-11-22 05:40:32'),(2,4,85000.00,10.00,'2025-11-22 11:23:01','2025-11-22 11:23:01'),(3,13,25000.00,3.00,'2025-11-30 15:14:50','2025-11-30 15:14:50');
/*!40000 ALTER TABLE `costs_related_providers` ENABLE KEYS */;
UNLOCK TABLES;

--
-- Table structure for table `driver_trips`
--

DROP TABLE IF EXISTS `driver_trips`;
/*!40101 SET @saved_cs_client     = @@character_set_client */;
/*!50503 SET character_set_client = utf8mb4 */;
CREATE TABLE `driver_trips` (
  `id` int unsigned NOT NULL AUTO_INCREMENT,
  `driver_id` int unsigned NOT NULL,
  `booking_id` int unsigned NOT NULL,
  `status` varchar(255) CHARACTER SET utf8mb4 COLLATE utf8mb4_unicode_ci NOT NULL DEFAULT 'assigned',
  `start_time` datetime DEFAULT NULL,
  `end_time` datetime DEFAULT NULL,
  `created_at` timestamp NULL DEFAULT NULL,
  `updated_at` timestamp NULL DEFAULT NULL,
  PRIMARY KEY (`id`),
  KEY `driver_trips_driver_id_index` (`driver_id`),
  KEY `driver_trips_booking_id_index` (`booking_id`)
) ENGINE=InnoDB AUTO_INCREMENT=2 DEFAULT CHARSET=utf8mb4 COLLATE=utf8mb4_unicode_ci;
/*!40101 SET character_set_client = @saved_cs_client */;

--
-- Dumping data for table `driver_trips`
--

LOCK TABLES `driver_trips` WRITE;
/*!40000 ALTER TABLE `driver_trips` DISABLE KEYS */;
INSERT INTO `driver_trips` VALUES (1,7,7,'assigned','2025-11-30 00:00:00','2025-12-02 00:00:00','2025-11-30 15:57:04','2025-11-30 15:57:04');
/*!40000 ALTER TABLE `driver_trips` ENABLE KEYS */;
UNLOCK TABLES;

--
-- Table structure for table `drivers`
--

DROP TABLE IF EXISTS `drivers`;
/*!40101 SET @saved_cs_client     = @@character_set_client */;
/*!50503 SET character_set_client = utf8mb4 */;
CREATE TABLE `drivers` (
  `id` int unsigned NOT NULL AUTO_INCREMENT,
  `user_id` int unsigned NOT NULL,
  `provider_id` int unsigned NOT NULL,
  `license_number` varchar(50) CHARACTER SET utf8mb4 COLLATE utf8mb4_unicode_ci NOT NULL,
  `license_class` varchar(5) CHARACTER SET utf8mb4 COLLATE utf8mb4_unicode_ci NOT NULL,
  `license_issue_date` date NOT NULL,
  `license_expiry_date` date NOT NULL,
  `status` enum('valid','expired','suspended','revoked') CHARACTER SET utf8mb4 COLLATE utf8mb4_unicode_ci NOT NULL DEFAULT 'valid',
  `average_rates` decimal(10,2) DEFAULT NULL,
  `rating_count` int unsigned NOT NULL DEFAULT '0',
  `verified_at` timestamp NULL DEFAULT NULL,
  `created_at` timestamp NULL DEFAULT NULL,
  `updated_at` timestamp NULL DEFAULT NULL,
  PRIMARY KEY (`id`),
  UNIQUE KEY `unique_user` (`user_id`)
) ENGINE=InnoDB AUTO_INCREMENT=23 DEFAULT CHARSET=utf8mb4 COLLATE=utf8mb4_unicode_ci;
/*!40101 SET character_set_client = @saved_cs_client */;

--
-- Dumping data for table `drivers`
--

LOCK TABLES `drivers` WRITE;
/*!40000 ALTER TABLE `drivers` DISABLE KEYS */;
INSERT INTO `drivers` VALUES (7,5,13,'D123456789','B2','2025-10-30','2029-11-15','valid',NULL,0,NULL,'2025-11-18 04:39:29','2025-11-18 04:39:29'),(10,7,14,'D123456789','B2','2025-10-30','2025-11-05','valid',NULL,0,NULL,'2025-11-24 05:41:10','2025-11-24 05:41:10'),(11,11,13,'079234158726','B2','2020-03-12','2030-03-12','valid',NULL,0,NULL,'2025-11-25 13:41:57','2025-11-25 13:41:57'),(12,14,21,'079234158726','B2','2020-06-14','2030-06-14','valid',NULL,0,'2025-11-30 15:50:09','2025-11-30 13:57:43','2025-11-30 13:57:43'),(13,29,14,'012345678901','B2','2020-01-01','2030-01-01','valid',NULL,0,NULL,'2025-12-09 14:58:55','2025-12-09 14:58:55'),(14,30,14,'090801020405010','B2','2020-01-01','2030-01-01','valid',NULL,0,NULL,'2025-12-09 15:02:40','2025-12-09 15:02:40'),(18,31,22,'234234324234','B1','2025-12-11','2026-01-11','valid',NULL,0,NULL,'2025-12-09 15:22:20','2025-12-09 15:22:20'),(19,33,21,'090807060511','B2','1111-11-11','1111-11-11','valid',NULL,0,'2025-12-09 16:10:22','2025-12-09 15:41:34','2025-12-09 15:41:34'),(20,10,21,'5463626626','B2','2025-12-10','2025-12-27','valid',NULL,0,'2025-12-09 16:10:03','2025-12-09 15:53:17','2025-12-09 15:53:17'),(22,34,21,'5463626632','B2','2025-12-04','2025-12-26','valid',NULL,0,'2025-12-09 17:06:00','2025-12-09 17:03:29','2025-12-09 17:03:29');
/*!40000 ALTER TABLE `drivers` ENABLE KEYS */;
UNLOCK TABLES;

--
-- Table structure for table `drivers_working_history`
--

DROP TABLE IF EXISTS `drivers_working_history`;
/*!40101 SET @saved_cs_client     = @@character_set_client */;
/*!50503 SET character_set_client = utf8mb4 */;
CREATE TABLE `drivers_working_history` (
  `id` int unsigned NOT NULL AUTO_INCREMENT,
  `driver_id` int unsigned NOT NULL,
  `status` varchar(255) CHARACTER SET utf8mb4 COLLATE utf8mb4_unicode_ci NOT NULL DEFAULT 'idle',
  `total_trips` int NOT NULL DEFAULT '0',
  `last_trip_end` datetime DEFAULT NULL,
  `last_assigned` datetime DEFAULT NULL,
  `created_at` timestamp NULL DEFAULT NULL,
  `updated_at` timestamp NULL DEFAULT NULL,
  PRIMARY KEY (`id`),
  UNIQUE KEY `unique_driver_history` (`driver_id`)
) ENGINE=InnoDB AUTO_INCREMENT=2 DEFAULT CHARSET=utf8mb4 COLLATE=utf8mb4_unicode_ci;
/*!40101 SET character_set_client = @saved_cs_client */;

--
-- Dumping data for table `drivers_working_history`
--

LOCK TABLES `drivers_working_history` WRITE;
/*!40000 ALTER TABLE `drivers_working_history` DISABLE KEYS */;
INSERT INTO `drivers_working_history` VALUES (1,7,'assigned',0,NULL,'2025-11-30 15:57:04','2025-11-30 15:57:04','2025-11-30 15:57:04');
/*!40000 ALTER TABLE `drivers_working_history` ENABLE KEYS */;
UNLOCK TABLES;

--
-- Table structure for table `extra_costs`
--

DROP TABLE IF EXISTS `extra_costs`;
/*!40101 SET @saved_cs_client     = @@character_set_client */;
/*!50503 SET character_set_client = utf8mb4 */;
CREATE TABLE `extra_costs` (
  `id` int unsigned NOT NULL AUTO_INCREMENT,
  `extra_cost` decimal(10,2) NOT NULL,
  `platform_fee_percent` decimal(5,2) NOT NULL,
  `fuel_price` decimal(10,2) NOT NULL,
  `created_at` timestamp NULL DEFAULT NULL,
  `updated_at` timestamp NULL DEFAULT NULL,
  PRIMARY KEY (`id`)
) ENGINE=InnoDB AUTO_INCREMENT=2 DEFAULT CHARSET=utf8mb4 COLLATE=utf8mb4_unicode_ci;
/*!40101 SET character_set_client = @saved_cs_client */;

--
-- Dumping data for table `extra_costs`
--

LOCK TABLES `extra_costs` WRITE;
/*!40000 ALTER TABLE `extra_costs` DISABLE KEYS */;
INSERT INTO `extra_costs` VALUES (1,50000.00,12.05,23000.00,'2025-11-22 03:23:47','2025-11-22 03:23:47');
/*!40000 ALTER TABLE `extra_costs` ENABLE KEYS */;
UNLOCK TABLES;

--
-- Table structure for table `food_court_images`
--

DROP TABLE IF EXISTS `food_court_images`;
/*!40101 SET @saved_cs_client     = @@character_set_client */;
/*!50503 SET character_set_client = utf8mb4 */;
CREATE TABLE `food_court_images` (
  `id` int unsigned NOT NULL AUTO_INCREMENT,
  `food_court_id` int unsigned NOT NULL,
  `url` varchar(255) CHARACTER SET utf8mb4 COLLATE utf8mb4_unicode_ci NOT NULL,
  `public_url` varchar(255) CHARACTER SET utf8mb4 COLLATE utf8mb4_unicode_ci DEFAULT NULL,
  `created_at` timestamp NULL DEFAULT NULL,
  `updated_at` timestamp NULL DEFAULT NULL,
  PRIMARY KEY (`id`),
  KEY `food_court_images_food_court_id_foreign` (`food_court_id`),
  CONSTRAINT `food_court_images_food_court_id_foreign` FOREIGN KEY (`food_court_id`) REFERENCES `food_courts` (`id`) ON DELETE CASCADE
) ENGINE=InnoDB AUTO_INCREMENT=96 DEFAULT CHARSET=utf8mb4 COLLATE=utf8mb4_unicode_ci;
/*!40101 SET character_set_client = @saved_cs_client */;

--
-- Dumping data for table `food_court_images`
--

LOCK TABLES `food_court_images` WRITE;
/*!40000 ALTER TABLE `food_court_images` DISABLE KEYS */;
INSERT INTO `food_court_images` VALUES (1,1,'/uploads/food-court/bun-ca-long-xuyen/food-court_68f505755d32e4.10122862_download.jpg','download.jpg','2025-10-19 15:36:53','2025-10-19 15:36:53'),(2,1,'/uploads/food-court/bun-ca-long-xuyen/food-court_68f50575645250.17852601_download__4_.jpg','download (4).jpg','2025-10-19 15:36:53','2025-10-19 15:36:53'),(3,2,'/uploads/food-court/bun-ca-hieu-thuan-thanh-pho-long-xuyen/food-court_68f7a07cc9ad08.70165132_download__2_.jpg','download (2).jpg','2025-10-21 15:02:21','2025-10-21 15:02:21'),(4,2,'/uploads/food-court/bun-ca-hieu-thuan-thanh-pho-long-xuyen/food-court_68f7a07cd44f39.87258486_download.jpg','download.jpg','2025-10-21 15:02:21','2025-10-21 15:02:21'),(5,2,'/uploads/food-court/bun-ca-hieu-thuan-thanh-pho-long-xuyen/food-court_68f7a07cdc0326.50066432_download__1_.jpg','download (1).jpg','2025-10-21 15:02:21','2025-10-21 15:02:21'),(6,3,'/uploads/food-court/tan-luong-son-quan/food-court_692bebbf41ad96.01617544_Tan-Luong-Son-quan-Mon-ngon-Bac-Ninh.jpg','Tan-Luong-Son-quan-Mon-ngon-Bac-Ninh.jpg','2025-11-30 07:01:19','2025-11-30 07:01:19'),(7,4,'/uploads/food-court/nha-hang-bep-ngon/food-court_692bec18eb1ca6.62276651_Nha-hang-Bep-Ngon.jpg','Nha-hang-Bep-Ngon.jpg','2025-11-30 07:02:49','2025-11-30 07:02:49'),(8,5,'/uploads/food-court/quan-26-bac-ninh/food-court_692bec63359e32.06062314_Quan-26.jpg','Quan-26.jpg','2025-11-30 07:04:03','2025-11-30 07:04:03'),(9,6,'/uploads/food-court/quan-de-minh-duc/food-court_692becbfeca474.03337318_Quan-de-Minh-Duc.jpg','Quan-de-Minh-Duc.jpg','2025-11-30 07:05:36','2025-11-30 07:05:36'),(10,7,'/uploads/food-court/quan-tea-talk-dai-loan-o-bac-ninh/food-court_692bedcc3ff8a9.26524093_Tea-Talk-Dai-Loan-1024x683.jpg','Tea-Talk-Dai-Loan-1024x683.jpg','2025-11-30 07:10:04','2025-11-30 07:10:04'),(11,8,'/uploads/food-court/hai-ha-kotobuki-bac-ninh/food-court_692bee1e5aad32.70664512_Hai-Ha-Kotobuki.jpg','Hai-Ha-Kotobuki.jpg','2025-11-30 07:11:26','2025-11-30 07:11:26'),(12,9,'/uploads/food-court/quan-susin-bac-ninh-mi-cay-7-cap-han-quoc/food-court_692beeca337581.14506478_Quan-Susin-___-Mi-cay-7-cap-Han-Quoc.jpg','Quan-Susin-–-Mi-cay-7-cap-Han-Quoc.jpg','2025-11-30 07:14:18','2025-11-30 07:14:18'),(13,10,'/uploads/food-court/bun-ca-cay-viet-anh/food-court_692bef1848a024.67385928_Bun-ca-cay-Viet-Anh.jpg','Bun-ca-cay-Viet-Anh.jpg','2025-11-30 07:15:36','2025-11-30 07:15:36'),(14,11,'/uploads/food-court/my-ga-tan-oanh/food-court_692bef562806f7.27173248_My-ga-tan-Oanh-1024x1024.jpg','My-ga-tan-Oanh-1024x1024.jpg','2025-11-30 07:16:38','2025-11-30 07:16:38'),(15,12,'/uploads/food-court/chao-ca-tich-nghi/food-court_692befa829a315.91160415_Chao-ca-Tich-Nghi.jpg','Chao-ca-Tich-Nghi.jpg','2025-11-30 07:18:00','2025-11-30 07:18:00'),(16,13,'/uploads/food-court/quan-banh-tam-cari-cay-co-lan/food-court_692bf19d6574a1.95516935_Banh-tam-Cari-cay-co-Lan.jpg','Banh-tam-Cari-cay-co-Lan.jpg','2025-11-30 07:26:21','2025-11-30 07:26:21'),(17,14,'/uploads/food-court/quan-oc-co-ba-ca-mau/food-court_692bf20a69cc76.78508314_Oc-co-Ba-Ca-Mau.jpg','Oc-co-Ba-Ca-Mau.jpg','2025-11-30 07:28:10','2025-11-30 07:28:10'),(18,15,'/uploads/food-court/quan-lau-mam-dong-que/food-court_692bf24d1a1ec3.59394277_Quan-lau-mam-Dong-Que.jpg','Quan-lau-mam-Dong-Que.jpg','2025-11-30 07:29:17','2025-11-30 07:29:17'),(19,16,'/uploads/food-court/quan-nhau-bon-phuong/food-court_692bf28c771451.52013155_Quan-nhau-Bon-Phuong.jpg','Quan-nhau-Bon-Phuong.jpg','2025-11-30 07:30:20','2025-11-30 07:30:20'),(20,17,'/uploads/food-court/quan-nem-nuong-thanh-huong/food-court_692bf2f87a36b7.34465027_Nem-Nuong-Banh-Hoi-Thanh-Huong.jpg','Nem-Nuong-Banh-Hoi-Thanh-Huong.jpg','2025-11-30 07:32:08','2025-11-30 07:32:08'),(21,18,'/uploads/food-court/quan-an-phuong-hoa/food-court_692bf337911730.25057350_Quan-an-Phuong-Hoa-Dia-chi-an-ngon-Ca-Mau.jpg','Quan-an-Phuong-Hoa-Dia-chi-an-ngon-Ca-Mau.jpg','2025-11-30 07:33:12','2025-11-30 07:33:12'),(22,19,'/uploads/food-court/quan-hai-san-quat-mo/food-court_692bf3cbcd4011.03674969_Quan-hai-san-Quat-Mo-Ca-Mau.jpg','Quan-hai-san-Quat-Mo-Ca-Mau.jpg','2025-11-30 07:35:40','2025-11-30 07:35:40'),(23,20,'/uploads/food-court/quan-nuong-143/food-court_692bf41250b7c8.03422175_Quan-nuong-143.jpg','Quan-nuong-143.jpg','2025-11-30 07:36:50','2025-11-30 07:36:50'),(24,21,'/uploads/food-court/nha-hang-lau-de-phat-cuong/food-court_692bf462958f38.90372571_Quan-Lau-De-Phat-Cuong.jpg','Quan-Lau-De-Phat-Cuong.jpg','2025-11-30 07:38:11','2025-11-30 07:38:11'),(25,22,'/uploads/food-court/quan-bun-dau-mam-tom-huong-hue/food-court_692bf4e26d4b57.17354180_Bun-dau-mam-tom-Huong-Hue.jpg','Bun-dau-mam-tom-Huong-Hue.jpg','2025-11-30 07:40:18','2025-11-30 07:40:18'),(26,23,'/uploads/food-court/quan-an-ngon-vien-lac/food-court_692bf683e1f322.31221894_danh-sach-15-quan-an-ngon-tai-can-tho-duoc-yeu-thich_17.jpg','danh-sach-15-quan-an-ngon-tai-can-tho-duoc-yeu-thich_17.jpg','2025-11-30 07:47:16','2025-11-30 07:47:16'),(27,24,'/uploads/food-court/bun-mam-173/food-court_692bf6d7301953.42035973_danh-sach-15-quan-an-ngon-tai-can-tho-duoc-yeu-thich_17__1_.jpg','danh-sach-15-quan-an-ngon-tai-can-tho-duoc-yeu-thich_17 (1).jpg','2025-11-30 07:48:39','2025-11-30 07:48:39'),(28,25,'/uploads/food-court/quan-an-ngon-ben-ninh-kieu-sui-cao-a-chay/food-court_692bf754180250.18801214_danh-sach-15-quan-an-ngon-tai-can-tho-duoc-yeu-thich_17__2_.jpg','danh-sach-15-quan-an-ngon-tai-can-tho-duoc-yeu-thich_17 (2).jpg','2025-11-30 07:50:44','2025-11-30 07:50:44'),(29,26,'/uploads/food-court/nha-hang-hoa-su/food-court_692bf84cc6cfc3.79168458_danh-sach-15-quan-an-ngon-tai-can-tho-duoc-yeu-thich_17__4_.jpg','danh-sach-15-quan-an-ngon-tai-can-tho-duoc-yeu-thich_17 (4).jpg','2025-11-30 07:54:53','2025-11-30 07:54:53'),(30,27,'/uploads/food-court/quan-bo-nuong-ngoi-cu-lan/food-court_692bf8c645bfd2.90981436_quan_an_gia_dinh_o_can_tho_bo_nuong_ngoi_cu_lan.jpg','quan_an_gia_dinh_o_can_tho_bo_nuong_ngoi_cu_lan.jpg','2025-11-30 07:56:54','2025-11-30 07:56:54'),(31,28,'/uploads/food-court/quan-an-gio-chieu/food-court_692bf937a9d4a8.24257557_quan_an_gia_dinh_o_can_tho_gio_chieu.jpg','quan_an_gia_dinh_o_can_tho_gio_chieu.jpg','2025-11-30 07:58:48','2025-11-30 07:58:48'),(32,29,'/uploads/food-court/quan-buffet-lau-nuong-co-3-coi/food-court_692bf9787ea312.36955241_quan_an_gia_dinh_o_can_tho_co_ba_coi.jpg','quan_an_gia_dinh_o_can_tho_co_ba_coi.jpg','2025-11-30 07:59:52','2025-11-30 07:59:52'),(33,30,'/uploads/food-court/quan-cao-ky-can-tho/food-court_692bf9c420ebd9.02462548_quan_an_gia_dinh_o_can_tho_cao_ky.jpg','quan_an_gia_dinh_o_can_tho_cao_ky.jpg','2025-11-30 08:01:08','2025-11-30 08:01:08'),(34,31,'/uploads/food-court/quan-hoi-do/food-court_692bfabd8d1995.93576695_top-10-quan-an-gia-dinh-ngon-o-can-tho-duoc-yeu-thich-nhat-5f71a1a60719e.jpg','top-10-quan-an-gia-dinh-ngon-o-can-tho-duoc-yeu-thich-nhat-5f71a1a60719e.jpg','2025-11-30 08:05:18','2025-11-30 08:05:18'),(35,32,'/uploads/food-court/quan-hen-teen/food-court_692bfd03da3645.08412925_quan-an-ngon-can-tho-11.jpeg','quan-an-ngon-can-tho-11.jpeg','2025-11-30 08:15:00','2025-11-30 08:15:00'),(36,33,'/uploads/food-court/nha-hang-pho-heo-quay/food-court_692bfe235f8be6.47351983_Nha-Hang-Pho-Heo-Quay-Cao-Bang-768x453.jpg','Nha-Hang-Pho-Heo-Quay-Cao-Bang-768x453.jpg','2025-11-30 08:19:47','2025-11-30 08:19:47'),(37,34,'/uploads/food-court/hanwon-buffet-nuong-lau-han-quoc/food-court_692bff7cb02174.90442407_quan-an-ngon-cao-bang-1.png','quan-an-ngon-cao-bang-1.png','2025-11-30 08:25:33','2025-11-30 08:25:33'),(38,35,'/uploads/food-court/doc-lap-restaurant/food-court_692bffec415364.80995313_quan-an-ngon-cao-bang-8.png','quan-an-ngon-cao-bang-8.png','2025-11-30 08:27:24','2025-11-30 08:27:24'),(39,36,'/uploads/food-court/nha-hang-huy-linh-vua-vit-troi/food-court_692c00de161171.79056208_quan-an-ngon-o-cao-bang-3.jpg','quan-an-ngon-o-cao-bang-3.jpg','2025-11-30 08:31:26','2025-11-30 08:31:26'),(40,37,'/uploads/food-court/banh-cuon-cao-bang-ba-zin/food-court_692c0195a14410.10407997_banh-cuon-1-1-768x575.jpg','banh-cuon-1-1-768x575.jpg','2025-11-30 08:34:30','2025-11-30 08:34:30'),(41,38,'/uploads/food-court/pho-chua-cao-bang/food-court_692c01e5a313a4.34111752_pho-chua-1-768x605.jpg','pho-chua-1-768x605.jpg','2025-11-30 08:35:50','2025-11-30 08:35:50'),(42,39,'/uploads/food-court/xoi-tram/food-court_692c024433d0b2.89659285_xoi-1-768x576.jpg','xoi-1-768x576.jpg','2025-11-30 08:37:24','2025-11-30 08:37:24'),(43,40,'/uploads/food-court/hat-de-quan/food-court_692c03254d8a90.93764559_quan-an-ngon-o-cao-bang-10-696x464.jpg','quan-an-ngon-o-cao-bang-10-696x464.jpg','2025-11-30 08:41:09','2025-11-30 08:41:09'),(44,41,'/uploads/food-court/de-re-ha-dong/food-court_692c038c19a880.62798293_quan-an-ngon-o-cao-bang-32-696x522.jpg','quan-an-ngon-o-cao-bang-32-696x522.jpg','2025-11-30 08:42:52','2025-11-30 08:42:52'),(45,42,'/uploads/food-court/lau-pho-quan/food-court_692c04ac89a282.74538009_lau-pho-469910.jpg','lau-pho-469910.jpg','2025-11-30 08:47:40','2025-11-30 08:47:40'),(46,43,'/uploads/food-court/shu-garden-coffee/food-court_692c057e9db4e0.06803806_quan-cafe-an-sang-ngon-o-da-nang-6-1169x1536.jpg','quan-cafe-an-sang-ngon-o-da-nang-6-1169x1536.jpg','2025-11-30 08:51:11','2025-11-30 08:51:11'),(47,44,'/uploads/food-court/cong-ca-phe/food-court_692c061444bca4.40983145_quan-cafe-an-sang-ngon-o-da-nang-9-1024x1536.jpg','quan-cafe-an-sang-ngon-o-da-nang-9-1024x1536.jpg','2025-11-30 08:53:40','2025-11-30 08:53:40'),(48,45,'/uploads/food-court/bonpas-bakery-coffee/food-court_692c0660daab58.51304026_quan-cafe-an-sang-ngon-o-da-nang-14.jpg','quan-cafe-an-sang-ngon-o-da-nang-14.jpg','2025-11-30 08:54:57','2025-11-30 08:54:57'),(49,46,'/uploads/food-court/tiem-ca-phe-cau-ut/food-court_692c07616b5975.53418084_quan-cafe-da-nang-7-1.jpg','quan-cafe-da-nang-7-1.jpg','2025-11-30 08:59:13','2025-11-30 08:59:13'),(50,47,'/uploads/food-court/bun-mam-ba-dong/food-court_692c0a14288406.25297876_quan_an_ngon_da_nang_19_4bca47c814.jpg','quan_an_ngon_da_nang_19_4bca47c814.jpg','2025-11-30 09:10:44','2025-11-30 09:10:44'),(51,48,'/uploads/food-court/banh-canh-ba-thu/food-court_692c0a5dec7bf8.72932854_quan_an_ngon_da_nang_1_0cd801cd13.jpg','quan_an_ngon_da_nang_1_0cd801cd13.jpg','2025-11-30 09:11:58','2025-11-30 09:11:58'),(52,49,'/uploads/food-court/tiem-que-nha/food-court_692c0ad849d8e8.74434581_quan_an_ngon_da_nang_23_8f1c3ab1af_07c889fdbc.jpg','quan_an_ngon_da_nang_23_8f1c3ab1af_07c889fdbc.jpg','2025-11-30 09:14:00','2025-11-30 09:14:00'),(53,50,'/uploads/food-court/bep-cuon-da-nang/food-court_692c0b23e7e3a4.99353796_quan_an_ngon_da_nang_11_c8e8d1bcdb.jpg','quan_an_ngon_da_nang_11_c8e8d1bcdb.jpg','2025-11-30 09:15:16','2025-11-30 09:15:16'),(54,51,'/uploads/food-court/banh-trang-kep-di-hoa/food-court_692c0b7729d1b1.60684787_quan_an_ngon_da_nang_6_92f52ca3fc.jpg','quan_an_ngon_da_nang_6_92f52ca3fc.jpg','2025-11-30 09:16:39','2025-11-30 09:16:39'),(55,52,'/uploads/food-court/quan-an-vat-3colu/food-court_692c0bb72d0bd7.50275137_quan_an_ngon_da_nang_14_16b0381ec7.jpg','quan_an_ngon_da_nang_14_16b0381ec7.jpg','2025-11-30 09:17:43','2025-11-30 09:17:43'),(56,53,'/uploads/food-court/vuon-xanh-quan/food-court_692c0c621cd767.52652120_quan-an-ngon-o-dak-lak-3-696x467.jpg','quan-an-ngon-o-dak-lak-3-696x467.jpg','2025-11-30 09:20:34','2025-11-30 09:20:34'),(57,54,'/uploads/food-court/quan-dau/food-court_692c0cad3efcb6.01730433_quan-an-ngon-o-dak-lak-2-2-696x457.jpg','quan-an-ngon-o-dak-lak-2-2-696x457.jpg','2025-11-30 09:21:49','2025-11-30 09:21:49'),(58,55,'/uploads/food-court/kimnana-food/food-court_692c0ce91fb7a5.32156419_quan-an-ngon-o-dak-lak-1-3-696x522.jpg','quan-an-ngon-o-dak-lak-1-3-696x522.jpg','2025-11-30 09:22:49','2025-11-30 09:22:49'),(59,56,'/uploads/food-court/chao-mien-luon-nghe-an/food-court_692c0d4abc92d8.02335837_quan-an-ngon-o-dak-lak-1-4-696x388.jpg','quan-an-ngon-o-dak-lak-1-4-696x388.jpg','2025-11-30 09:24:27','2025-11-30 09:24:27'),(60,57,'/uploads/food-court/an-vat-leo/food-court_692c0d8dddaec4.44758303_quan-an-ngon-o-dak-lak-2-6-696x928.jpg','quan-an-ngon-o-dak-lak-2-6-696x928.jpg','2025-11-30 09:25:34','2025-11-30 09:25:34'),(61,58,'/uploads/food-court/bun-gio-chia-co-chua/food-court_692c0df0864712.47611515_quan-an-ngon-o-dak-lak-3-6-696x928.jpg','quan-an-ngon-o-dak-lak-3-6-696x928.jpg','2025-11-30 09:27:12','2025-11-30 09:27:12'),(62,59,'/uploads/food-court/bun-do-thu/food-court_692c0e384145c2.82495574_quan-an-ngon-o-dak-lak-1-11-696x399.jpg','quan-an-ngon-o-dak-lak-1-11-696x399.jpg','2025-11-30 09:28:24','2025-11-30 09:28:24'),(63,60,'/uploads/food-court/pho-kho-2-to-99/food-court_692c0e9a7fc4e2.73436995_quan-an-ngon-o-dak-lak-2-11-696x928.jpg','quan-an-ngon-o-dak-lak-2-11-696x928.jpg','2025-11-30 09:30:02','2025-11-30 09:30:02'),(64,61,'/uploads/food-court/bun-rieu-doan-ket/food-court_692c0f4d2c6544.26756863_quan-an-ngon-o-dak-lak-2-16-696x500.jpg','quan-an-ngon-o-dak-lak-2-16-696x500.jpg','2025-11-30 09:33:01','2025-11-30 09:33:01'),(65,62,'/uploads/food-court/beer-zone-the-gioi-nhau/food-court_692c0fb54ba7d1.32429579_quan-an-ngon-o-dak-lak-1-7-696x522.jpg','quan-an-ngon-o-dak-lak-1-7-696x522.jpg','2025-11-30 09:34:45','2025-11-30 09:34:45'),(66,63,'/uploads/food-court/phadin-coffee-and-desserts/food-court_692c11b6d82cc7.26315117_quan-cafe-o-dien-bien-1.jpg','quan-cafe-o-dien-bien-1.jpg','2025-11-30 09:43:19','2025-11-30 09:43:19'),(67,64,'/uploads/food-court/hom-nao-coffee-n-kitchen/food-court_692c12504bb2d4.20264890_hom-nao-coffee-n-kitchen-1361566.jpg','hom-nao-coffee-n-kitchen-1361566.jpg','2025-11-30 09:45:52','2025-11-30 09:45:52'),(68,65,'/uploads/food-court/thang-co-huy-rau/food-court_692c13bfd0f531.74185275_quan-an-ngon-dien-bien-5.jpg','quan-an-ngon-dien-bien-5.jpg','2025-11-30 09:52:00','2025-11-30 09:52:00'),(69,66,'/uploads/food-court/nha-san-lo-bao-chau/food-court_692c143233be21.66022185_quan-an-ngon-o-dien-bien-5.jpg','quan-an-ngon-o-dien-bien-5.jpg','2025-11-30 09:53:54','2025-11-30 09:53:54'),(70,67,'/uploads/food-court/nha-hang-a1/food-court_692c14921662f4.14518090_1711372613-nha-hang-dien-bien6.jpg','1711372613-nha-hang-dien-bien6.jpg','2025-11-30 09:55:30','2025-11-30 09:55:30'),(71,68,'/uploads/food-court/nha-hang-chay-yen-ninh/food-court_692c157fc899d6.00239121_anh-mo-ta.jpg','anh-mo-ta.jpg','2025-11-30 09:59:28','2025-11-30 09:59:28'),(72,69,'/uploads/food-court/nha-hang-xuan-long-tay-bac/food-court_692c160d2daed3.49837618_gao-nep-nuong-3-1-e1645521862123.jpg','gao-nep-nuong-3-1-e1645521862123.jpg','2025-11-30 10:01:49','2025-11-30 10:01:49'),(73,70,'/uploads/food-court/nha-hang-kim-cuc/food-court_692c168f5b1782.87491647_at_dac-san-lam-tu-phan-nam-pia-mot-mon-an-kinh-dien-cua-dan-toc-thai-chi-co-o-vung-tay-bac_27afae54d6fa2cdd8d2880b0cb739ff5-e1754623700199.jpg','at_dac-san-lam-tu-phan-nam-pia-mot-mon-an-kinh-dien-cua-dan-toc-thai-chi-co-o-vung-tay-bac_27afae54d6fa2cdd8d2880b0cb739ff5-e1754623700199.jpg','2025-11-30 10:03:59','2025-11-30 10:03:59'),(74,71,'/uploads/food-court/nha-hang-thang-co-minh-khanh/food-court_692c16cfe12498.01358272_lau-thang-co-ngua.jpg','lau-thang-co-ngua.jpg','2025-11-30 10:05:04','2025-11-30 10:05:04'),(75,72,'/uploads/food-court/dienbienview-trau-gac-bep-hai-tan/food-court_692c173dd611f4.36612732_thit-trau-gac-bep-dien-bien-1-1046-768x432.jpg','thit-trau-gac-bep-dien-bien-1-1046-768x432.jpg','2025-11-30 10:06:54','2025-11-30 10:06:54'),(76,73,'/uploads/food-court/neo-shabu-suki/food-court_692c1836c8c547.41300339_Neo-Shabu-Suki-768x521.jpg','Neo-Shabu-Suki-768x521.jpg','2025-11-30 10:11:03','2025-11-30 10:11:03'),(77,74,'/uploads/food-court/le-la-ca-phe/food-court_692c19364b4ae5.40961240_quan-cafe-vintage-o-dong-nai-2.jpg','quan-cafe-vintage-o-dong-nai-2.jpg','2025-11-30 10:15:18','2025-11-30 10:15:18'),(78,75,'/uploads/food-court/nha-vien-quan/food-court_692c19c61ffa24.37651415_quan-an-ngon-dong-nai-1.png','quan-an-ngon-dong-nai-1.png','2025-11-30 10:17:42','2025-11-30 10:17:42'),(79,76,'/uploads/food-court/phu-an-quan/food-court_692c19ff6f36d6.25936497_quan-an-ngon-dong-nai-4.png','quan-an-ngon-dong-nai-4.png','2025-11-30 10:18:39','2025-11-30 10:18:39'),(80,77,'/uploads/food-court/an-vat-san/food-court_692c1b7f2aace4.84148211_An_Vat_San_San-222075.jpg','An_Vat_San_San-222075.jpg','2025-11-30 10:25:03','2025-11-30 10:25:03'),(81,78,'/uploads/food-court/nha-hang-thuan-viet/food-court_692c1e775ed0e6.79030843_Mon-an-Nha-Hang-Thuan-Viet-Dong-Thap-768x768.jpeg','Mon-an-Nha-Hang-Thuan-Viet-Dong-Thap-768x768.jpeg','2025-11-30 10:37:43','2025-11-30 10:37:43'),(82,79,'/uploads/food-court/nha-hang-hai-son/food-court_692c1f4f7c3522.02958156_Nha-Hang-Hai-Son-768x768.jpeg','Nha-Hang-Hai-Son-768x768.jpeg','2025-11-30 10:41:19','2025-11-30 10:41:19'),(83,80,'/uploads/food-court/nha-hang-seu-do-cao-lanh/food-court_692c1f8d424418.38128952_Mon-an-Nha-Hang-Seu-Do-Cao-Lanh-768x576.jpeg','Mon-an-Nha-Hang-Seu-Do-Cao-Lanh-768x576.jpeg','2025-11-30 10:42:21','2025-11-30 10:42:21'),(84,81,'/uploads/food-court/quan-pho-kho/food-court_692c210a9e90d9.11915028_mon-ngon-quan-pho-kho-hong-696x464.jpg','mon-ngon-quan-pho-kho-hong-696x464.jpg','2025-11-30 10:48:43','2025-11-30 10:48:43'),(85,82,'/uploads/food-court/quan-bun-cua-chi/food-court_692c2163317b09.48260308_bun-cua-tai-bun-cua-chi-696x695.jpg','bun-cua-tai-bun-cua-chi-696x695.jpg','2025-11-30 10:50:11','2025-11-30 10:50:11'),(86,83,'/uploads/food-court/quan-shock-bo-ke/food-court_692c21be74bb74.92151471_mon-ngon-quan-shock-bo-ke-696x399.jpg','mon-ngon-quan-shock-bo-ke-696x399.jpg','2025-11-30 10:51:42','2025-11-30 10:51:42'),(87,84,'/uploads/food-court/lau-long-wang-lau-hap-thuy-nhiet-hong-kong/food-court_692c2255eb07a0.07778453_Long-Wang-lau-hap-thuy-nhiet-Hong-Kong.jpg','Long-Wang-lau-hap-thuy-nhiet-Hong-Kong.jpg','2025-11-30 10:54:14','2025-11-30 10:54:14'),(88,85,'/uploads/food-court/bun-cha-hang-quat/food-court_692c22aa28ff68.02660298_Bun-cha-Hang-Quat-768x512.jpg','Bun-cha-Hang-Quat-768x512.jpg','2025-11-30 10:55:38','2025-11-30 10:55:38'),(89,86,'/uploads/food-court/bun-thang-ba-duc/food-court_692c230fdaa9b4.21705597_Bun-thang-Ha-Noi-768x512.jpg','Bun-thang-Ha-Noi-768x512.jpg','2025-11-30 10:57:20','2025-11-30 10:57:20'),(90,87,'/uploads/food-court/luong-son-quan/food-court_692c238178eca4.97047240_nha-hang-ngon-o-ha-tinh-1.png','nha-hang-ngon-o-ha-tinh-1.png','2025-11-30 10:59:13','2025-11-30 10:59:13'),(91,88,'/uploads/food-court/nha-hang-com-viet/food-court_692c23b1e6f227.09201524_nha-hang-ngon-o-ha-tinh-3.png','nha-hang-ngon-o-ha-tinh-3.png','2025-11-30 11:00:02','2025-11-30 11:00:02'),(92,89,'/uploads/food-court/goc-pho-com-hue/food-court_692c242ab74b11.72804019_nha-hang-ngon-o-ha-tinh-4.png','nha-hang-ngon-o-ha-tinh-4.png','2025-11-30 11:02:03','2025-11-30 11:02:03'),(93,90,'/uploads/food-court/banh-mi-chao/food-court_692c249a835337.40131838_quC3A1n-C483n-tE1BB91i-ngon-hE1BAA3i-phC3B2ng-3.jpg','quC3A1n-C483n-tE1BB91i-ngon-hE1BAA3i-phC3B2ng-3.jpg','2025-11-30 11:03:55','2025-11-30 11:03:55'),(94,91,'/uploads/food-court/goodmen-fastfood/food-court_692c24e83129e9.69601482_quC3A1n-C483n-tE1BB91i-ngon-hE1BAA3i-phC3B2ng-8.jpg','quC3A1n-C483n-tE1BB91i-ngon-hE1BAA3i-phC3B2ng-8.jpg','2025-11-30 11:05:12','2025-11-30 11:05:12'),(95,92,'/uploads/food-court/chao-147/food-court_692c25367b8232.91754187_quC3A1n-C483n-tE1BB91i-ngon-hE1BAA3i-phC3B2ng-17.jpg','quC3A1n-C483n-tE1BB91i-ngon-hE1BAA3i-phC3B2ng-17.jpg','2025-11-30 11:06:30','2025-11-30 11:06:30');
/*!40000 ALTER TABLE `food_court_images` ENABLE KEYS */;
UNLOCK TABLES;

--
-- Table structure for table `food_courts`
--

DROP TABLE IF EXISTS `food_courts`;
/*!40101 SET @saved_cs_client     = @@character_set_client */;
/*!50503 SET character_set_client = utf8mb4 */;
CREATE TABLE `food_courts` (
  `id` int unsigned NOT NULL AUTO_INCREMENT,
  `name` varchar(255) CHARACTER SET utf8mb4 COLLATE utf8mb4_unicode_ci NOT NULL,
  `description` text CHARACTER SET utf8mb4 COLLATE utf8mb4_unicode_ci,
  `address` varchar(255) CHARACTER SET utf8mb4 COLLATE utf8mb4_unicode_ci DEFAULT NULL,
  `province_id` int unsigned NOT NULL,
  `travel_spot_id` int unsigned NOT NULL,
  `open_time` time DEFAULT NULL,
  `close_time` time DEFAULT NULL,
  `average_star` decimal(3,2) NOT NULL DEFAULT '0.00',
  `total_rates` int unsigned NOT NULL DEFAULT '0',
  `price_from` decimal(10,2) DEFAULT NULL,
  `price_to` decimal(10,2) DEFAULT NULL,
  `created_at` timestamp NULL DEFAULT NULL,
  `updated_at` timestamp NULL DEFAULT NULL,
  PRIMARY KEY (`id`),
  KEY `food_courts_province_id_foreign` (`province_id`),
  KEY `food_courts_travel_spot_id_foreign` (`travel_spot_id`),
  CONSTRAINT `food_courts_province_id_foreign` FOREIGN KEY (`province_id`) REFERENCES `provinces` (`id`) ON DELETE CASCADE
) ENGINE=InnoDB AUTO_INCREMENT=93 DEFAULT CHARSET=utf8mb4 COLLATE=utf8mb4_unicode_ci;
/*!40101 SET character_set_client = @saved_cs_client */;

--
-- Dumping data for table `food_courts`
--

LOCK TABLES `food_courts` WRITE;
/*!40000 ALTER TABLE `food_courts` DISABLE KEYS */;
INSERT INTO `food_courts` VALUES (1,'Quán ăn Cơm tấm Cây Điệp','Nếu bạn đang có cảm giác thèm một bữa cơm tấm thật đầy đặn với những topping hấp dẫn, hãy dừng chân tại Cơm tấm Cây Điệp. - Đặc điểm độc đáo tại quán là cách họ xử lý sườn. Thay vì để sườn nguyên miếng, họ tinh tế cắt thành từng lát dài. Sau đó tẩm ướp với hỗn hợp gia vị đậm đà, trước khi nướng trên than hồng để tạo ra vẻ đẹp hấp dẫn.','18/2A L?? L???i, M??? B??nh, Tp Long Xuy??n',1,0,'09:30:00','22:02:00',0.00,0,15000.00,25000.00,'2025-10-19 15:36:13','2025-10-19 15:36:13'),(2,'Quán Bún cá Hiếu Thuận','Nước dùng được nấu từ ngải bún và nghệ tươi, tạo nên hương thơm đậm đà. Kết hợp với thịt cá lóc tươi ngon, chắc nịch. Trong vô số quán bún cá tại An Giang. Bún cá Hiếu Thuận là một biểu tượng không thể không nhắc đến. Được bày tỏ đậm đà trong 30 năm, quán này đã trở thành “điểm đến bất hủ” với cư dân địa phương.','18/2A Lê Lợi, P.Mỹ Bình, TP.Long Xuyên, An Giang',1,0,'07:30:00','18:00:00',0.00,0,25000.00,35000.00,'2025-10-21 15:02:20','2025-10-21 15:02:20'),(3,'Tân Lương Sơn quán','Tân Lương Sơn quán mang đến các món ăn mang hương vị quê nhà, cùng giá cả phải chăng. Đập vào mắt thực khách khi đến quán là cách bố trí quán như một ngôi làng cổ, mang vẻ đẹp truyền thống gần gũi với thiên nhiên - Thịt bò hấp với bánh tráng, cà ri gà chiên với nước mắm, xoài chim và salad gà hoa chuối là những món ăn nổi tiếng tại nhà hàng, ngoài ra cũng còn nhiều món ngon khác.','L18 Lý Nhân Tông, Võ Cường, Bắc Ninh.',2,0,'15:00:00','22:00:00',0.00,0,200000.00,400000.00,'2025-11-30 07:01:19','2025-11-30 07:01:19'),(4,'Nhà hàng Bếp Ngon','Nhà hàng Bếp Ngon được thiết kế 02 tầng mang đậm phong cách Bắc Âu, vừa hiện đại vừa xen lẫn cổ điển. Thực đơn là những món ăn châu Á được chế biến từ nguyên liệu tươi sống, sạch, an toàn - Các món nổi bật của nhà hàng phải kể đến là sườn nướng tảng, đậu hũ khói lửa, cơm cháy kho quẹt, các loại hải sản với nước chấm ớt xanh Đà Lạt,…Ở đây còn có phòng vip, phòng hội nghị đảm bảo sự riêng tư cho thực khách.','Số 19 – đường Hai Bà Trưng – phường Suối Hoa – thành phố Bắc Ninh',2,0,'08:00:00','20:00:00',0.00,0,35000.00,500000.00,'2025-11-30 07:02:48','2025-11-30 07:02:48'),(5,'Quán 26 Bắc Ninh','Thực đơn chính của quán là món Bánh mì với nhiều loại khác nhau. Món bánh mì ở đây bao gồm chảo pate, trứng tráng, thịt rán, khoai tây nghiên cứu ăn kèm với bánh mì, dưa chuột và nước sốt mà chỉ với 26.000 VNĐ, nếu gọi suất đặc biệt thì giá nhỉnh hơn chút, tầm khoảng 36.000 VNĐ.','44 Chợ Tre, Từ Sơn, Bắc Ninh',2,0,'07:00:00','22:30:00',0.00,0,15000.00,300000.00,'2025-11-30 07:04:03','2025-11-30 07:04:03'),(6,'Quán dê Minh Đức','Đến quán thực khách có thể chiêm ngưỡng toàn bộ quy trình nấu ăn vì bếp tại đây được thiết kế theo kiểu mở. Các món ăn tại Quán dê Minh Đức được những đầu bếp tài ba chế biến theo tiêu chuẩn của miền Bắc nên rất ngon, đậm đà, nguyên liệu từ thịt dê nhưng không có mùi dê - Ngoài ra, không gian quán có khu vui chơi cho trẻ em, cùng có bãi đậu xe rộng nên rất lý tưởng cho việc tụ tập ăn uống.','586 Đ. Trần Phú, Đình Bảng, Từ Sơn, Bắc Ninh',2,0,'10:30:00','22:00:00',0.00,0,100000.00,200000.00,'2025-11-30 07:05:35','2025-11-30 07:05:35'),(7,'Quán Tea Talk Đài Loan','Mlem mlem, trà sữa ở đây được đánh giá là rất ngon, không quá béo, có nhiều hương vị trà khác nhau để phù hợp nhiều sở thích. - Ngoài trà sữa, món kem tươi tại quán cũng rất tuyệt. Quán tuy đông khách nhưng phục vụ khá nhanh không cần mất thời gian chờ đợi.','19 Nguyễn Đăng Đạo, thành phố Bắc Ninh',2,0,'01:00:00','12:00:00',0.00,0,30000.00,35000.00,'2025-11-30 07:10:04','2025-11-30 07:10:04'),(8,'Hải Hà Kotobuki','Được đánh giá là một trong những cửa hàng bánh ngọt ngon hấp dẫn khách. Hải Hà Kotobuki mang đến những chiếc bánh ngọt ngào, mềm mịn, với đủ loại bánh khác nhau. Nếu muốn ngồi tâm tình nhâm nhi một chiếc bánh ngon thì đây là địa điểm lý tưởng.','482 Ngô Gia Tự, thành phố Bắc Ninh',2,0,'07:00:00','22:30:00',0.00,0,35000.00,120000.00,'2025-11-30 07:11:26','2025-11-30 07:11:26'),(9,'Quán Susin Bắc Ninh – Mì cay 7 cấp Hàn Quốc','Mì cay tại quán được chia thành 3 loại: Mì Hải sản, Mì Thịt bò và Mì đặc biệt. Ngoài ra, quán Susin còn bán nhiều loại lẩu như: lẩu cô đơn, lẩu Yuanyuan và lẩu 9 tầng. Quán rất đông khách, nhưng chủ yếu thu hút giới trẻ.','7 Lê Văn Thịnh, Phường Suối Hoa, Bắc Ninh',2,0,'08:00:00','22:00:00',0.00,0,30000.00,200000.00,'2025-11-30 07:14:18','2025-11-30 07:14:18'),(10,'Bún cá cay Việt Anh','Bún cá cay Việt Anh để lại ấn tượng bởi bát bún cả đầy ắp, ăn miếng cá rán giòn rụm, chả cá dai dai, thịt viên thơm ngon, cùng nước dùng chua thanh đậm đà, ăn kèm cùng rau sống tươi ngon, tô bún ở đây chính là kết hợp vô cùng hoàn hảo để chén no căng bụng rồi đó!','số 6 Tô Ngọc Vân, Bắc Ninh',2,0,'06:00:00','14:00:00',0.00,0,35000.00,40000.00,'2025-11-30 07:15:36','2025-11-30 07:15:36'),(11,'Mỳ gà tần Oanh','Quả không sai nếu có người nói Mỳ gà tần Oanh là một trong những quán ngon Bắc Ninh phải thử một lần trong đời. Bát mì gà tần ở đây có hương vị đặc biệt, chắc chắn sẽ không làm cho những thực khách sành ăn thất vọng.','61 Lê Văn Thịnh, Suối Hoa, TP Bắc Ninh',2,0,'10:00:00','21:00:00',0.00,0,50000.00,60000.00,'2025-11-30 07:16:38','2025-11-30 07:16:38'),(12,'Cháo cá Tích Nghi','Cháo cá được chế biến theo công thức riêng tạo độ ngon và mát, thịt cá được làm sạch xương, khi nấu chín không bị vỡ, không tanh, ăn kèm với nhiều loại rau rất ngon - Quán tuy nhỏ, nhưng chất lượng đồ ăn cùng dịch vụ rất tốt, giá cả lại rất hợp lý. Ngại gì mà không ghé quán thử thưởng thức một tô cháo nóng hổi.','11 đường Làng, Phường Kinh Bắc, Bắc Ninh.',2,0,'08:00:00','22:00:00',0.00,0,15000.00,30000.00,'2025-11-30 07:18:00','2025-11-30 07:18:00'),(13,'Quán Bánh tầm Cari cay cô Lan','Bánh tầm Cari cay cô Lan rất nổi tiếng tại Cà Mau đã hoạt động rất lâu về trước. Với những tín đồ yêu thích ăn cay thì nhất định nên thử món bánh tầm cari cay. Một phần bánh có giá tương đối rẻ, chỉ khoảng 25.000 VNĐ. Bạn có thể ăn bánh cùng với nước mắm để tăng thêm hương vị đậm đà. Hãy ghé đến quán cô Lan để thưởng thức món bánh tầm cari cay đặc biệt này nhé!','15/47 Lý Bôn, thành phố Cà Mau, Cà Mau.',3,0,'16:00:00','12:00:00',0.00,0,15000.00,40000.00,'2025-11-30 07:26:21','2025-11-30 07:26:21'),(14,'Quán Ốc cô Ba Cà Mau','Nếu bạn là một tín đồ yêu thích hải sản, đặc biệt là các món ốc thì nhất định không thể bỏ qua quán Cô Ba. Đây chỉ là một quán ăn nhỏ nằm trên vỉa hè nhưng lúc nào cũng có đông đảo thực khách ra vào. Món ăn tại quán được đánh giá là đầy đặn, nhiều và chế biến vừa miệng. Quán Cô Ba có đa dạng các loại hải sản như: ốc len, ốc bươu, ốc lác, ốc len,… được chế biến theo nhiều cách với giá chỉ từ 20.000 VNĐ/đĩa.','138 Nguyễn Tất Thành, Phường 8, Thành Phố Cà Mau, Cà Mau',3,0,'15:00:00','21:00:00',0.00,0,20000.00,70000.00,'2025-11-30 07:28:10','2025-11-30 07:28:10'),(15,'Quán lẩu mắm Đồng Quê','Đến vùng đất miền Tây mà không thưởng thức qua lẩu mắm trứ danh sẽ là một thiếu sót vô cùng lớn. Quán lẩu mắm Đồng Quê Cà Mau sẽ đem đến cho thực khách một hương vị độc đáo mà không đâu có được. - Tại quán có nhiều loại lẩu cá đồng, lẩu cá kèo,… cho bạn lựa chọn. Nước dùng lẩu đặc biệt thơm ngon, nấu cùng chuối và rau xanh sẽ khiến bạn nhớ mãi đấy. Món lẩu mắm này còn được ăn kèm với rau muống chẻ nhỏ, hoa chuối thái và hoa mướp. Sự quyến rũ của lẩu mắm Đồng Quê sẽ khiến bạn muốn thưởng thức mãi không thôi.','91a Tôn Đức Thắng, phường 5, thành phố Cà Mau',3,0,'10:00:00','22:00:00',0.00,0,100000.00,200000.00,'2025-11-30 07:29:17','2025-11-30 07:29:17'),(16,'Quán nhậu Bốn Phương','Quán nhậu Bốn Phương chuyên phục vụ thực khách các món ăn nhậu. Đây là địa chỉ thích hợp dành cho các đấng mày râu lai rai vài chén cùng bạn bè hay đồng nghiệp. Bên cạnh những món ăn quen thuộc thì quán còn phục vụ thực khách một số món nhậu đặc sắc có một không hai. Nổi bật như thịt chuột đồng hay thịt chuột quay. Thực khách có thể yên tâm vì thịt chuột và nguyên liệu tại quán được sơ chế rất kỹ lưỡng và đảm bảo vệ sinh.','Quốc lộ 1A Cà Mau',3,0,'10:00:00','22:00:00',0.00,0,50000.00,300000.00,'2025-11-30 07:30:20','2025-11-30 07:30:20'),(17,'Quán Nem nướng Thanh Hương','Quán Thanh Hương là địa chỉ tiếp theo có mặt trong danh sách này với món nem nướng trứ danh. Đây là quán nem nướng rất nổi tiếng tại Cà Mau, đặc biệt là đối với các bạn trẻ. - Nem nướng Thanh Hương có kích thước to và màu sắc đẹp mắt. Nhất định phải kể đến là hương vị đậm đà của món ăn. Khi ăn kèm nem nướng với bánh hỏi mềm mịn, béo ngậy sẽ là sự kết hợp hoàn hảo.','111 Bùi Thị Trường. phường 5, thành phố Cà Mau, Cà Mau.',3,0,'07:00:00','21:00:00',0.00,0,30000.00,55000.00,'2025-11-30 07:32:08','2025-11-30 07:32:08'),(18,'Quán ăn Phương Hòa','Phương Hòa được người dân Cà Mau biết đến là một quán nhậu với thực đơn vô cùng đa dạng. Tại đây phục vụ đầy đủ các món ăn được chế biến từ thịt dê, chim, cá,  tôm,  cua,  mực,… Bên cạnh đó còn có món lẩu hương vị thơm ngon được thực khách ưa chuộng. Đặc biệt, giá cả tại địa chỉ này còn rất phải chăng, phù hợp với nhiều đối tượng khách hàng. Nếu bạn đang tìm kiếm một nơi lý tưởng để tụ tập bạn bè hay gặp mặt gia đình thì nhất định nên ghé đến quán ăn Phương Hoà nhé!','140/11B Đinh Tiên Hoàng, Phường 9, thành phố Cà Mau, Cà Mau',3,0,'15:00:00','21:00:00',0.00,0,50000.00,250000.00,'2025-11-30 07:33:11','2025-11-30 07:33:11'),(19,'Quán hải sản Quạt Mo','Nhà hàng hải sản Quạt Mo là địa chỉ ăn ngon tại Cà Mau không quá xa lạ đối với người dân địa phương cũng như du khách. Nhà hàng này nằm trên con đường Bùi Thị Trường sầm uất và tấp nập nên rất thu hút. - Quán có không gian rộng rãi, thoải mái. Bên cạnh đó là đội ngũ đầu bếp tay nghề cao, phục vụ các món đặc sản Cà Mau được chế biến từ bề bề, cua, ghẹ, mực,… Đặc biệt, quán còn phục vụ món bò tơ Tây Ninh vô cùng nổi tiếng và được thực khách yêu thích.','14-16, Bùi Thị Trường, Phường 5, Tp. Cà Mau, Cà Mau',3,0,'15:00:00','12:00:00',0.00,0,30000.00,450000.00,'2025-11-30 07:35:39','2025-11-30 07:35:39'),(20,'Quán nướng 143','Khi đến với Cà Mau một quán ăn mà thực khách không nên bỏ qua đó chính là quán nướng 143. Đây là địa chỉ nổi tiếng với các món nướng được ướp vừa miệng, hương vị thơm ngon. Đặc biệt, thực khách sẽ được nướng đồ ăn trên than hoa để giữ được mùi thơm hấp dẫn đặc trưng. - Quán ăn này còn có một loại nước chấm được pha theo công thức độc quyền, có hương vị vô cùng độc đáo. Bên cạnh đó, menu của quán cũng khá đa dạng các sự lựa chọn như: Thịt bò, thịt gà, tôm, cua, ếch, thịt lợn, cá,…','Quốc lộ 1A, xã Lý Văn Lâm, Cà Mau',3,0,'07:00:00','22:00:00',0.00,0,25000.00,75000.00,'2025-11-30 07:36:50','2025-11-30 07:36:50'),(21,'Nhà hàng lẩu dê Phát Cường','Lẩu dê là món ăn quen thuộc được rất nhiều người dân Việt Nam yêu thích. Muốn thưởng thức món ăn này tại Cà Mau, bạn có thể ghé đến quán lẩu dê phát Cường nằm tại Số 170 đường Ngô Quyền. - Quán ăn này phục vụ thực khách lẩu dê thơm ngon với thịt dê, lòng dê, rau xanh, trứng vịt lộn và nhiều nguyên liệu đi kèm khác. Bên cạnh đó còn có một số món ăn hấp dẫn như: dê xào lăn, dê tái chanh,… để thực khách thỏa thích thưởng thức.','170 Ngô Quyền, thành phố Cà Mau, Cà Mau',3,0,'09:00:00','23:00:00',0.00,0,25000.00,200000.00,'2025-11-30 07:38:10','2025-11-30 07:38:10'),(22,'Quán Bún đậu mắm tôm Hương Huế','Không cần phải đi đâu xa xôi để thưởng thức đặc sản đặc miền Bắc – Bún đậu mắm tôm. Tại Cà Mau cũng có địa chỉ bán món ăn này rất ngon và hấp dẫn. Đó chính là quán bún đậu mắm tôm Hương Huế. - Mẹt bún đậu tại quán rất ấn tượng với đa dạng các nguyên liệu. Trong đó có: bún nén cắt cục vuông vừa ăn, thịt giò luộc, nem chua, đậu rán, dưa leo và các loại rau thơm. Đặc biệt không thể thiếu chén mắm tôm được pha theo công thức độc quyền của quán rồi. Quán Hương Huế khá đông khách vào buổi tối. Nên nếu đến quán vào thời gian này, bạn chịu khó chờ đợi một xíu nhé! Thành quả khi thưởng thức món ăn sẽ rất đáng đấy.','Bùi Thị Trường, phường 5, thành phố Cà Mau, Cà Mau',3,0,'09:00:00','21:00:00',0.00,0,20000.00,50000.00,'2025-11-30 07:40:18','2025-11-30 07:40:18'),(23,'Quán ăn ngon Viễn Lạc','Một trong những quán ăn bình dân được ưa thích tại Cần Thơ là quán Viễn Lạc. Quán ấn tượng thực khách bằng hương vị thơm ngon độc đáo của các món ăn Trung Hoa. - Thực đơn phong phú với bánh mì ốp la, há cảo, bánh mì xíu mại, bánh bao, hoành thánh… Quán chỉ mở buổi sáng và luôn đông đúc, vì vậy, nếu bạn muốn thưởng thức món ngon, hãy đến sớm nhé!','209 Phan Đình Phùng, Ninh Kiều, Cần Thơ',4,0,'06:00:00','10:00:00',0.00,0,15000.00,50000.00,'2025-11-30 07:47:15','2025-11-30 07:47:15'),(24,'Bún mắm 173','Khám phá món bún mắm đặc sản tại Cần Thơ không thể bỏ lỡ. Quán Bún mắm 173 tại Cần Thơ thu hút du khách bằng hương vị đậm đà miền Tây sông nước, với tô bún bao gồm nhiều loại rau, hải sản, thịt heo quay và nước dùng thanh ngọt. Đặc biệt, tô bún mắm còn có hột vịt lộn hấp dẫn.','594 đường 30/4, Q. Ninh Kiều, TP. Cần Thơ',4,0,'07:00:00','21:00:00',0.00,0,37000.00,47000.00,'2025-11-30 07:48:39','2025-11-30 07:48:39'),(25,'Sủi cảo A Chảy','Sủi cảo A Chảy là quán ăn Cần Thơ bình dân giá rẻ được người dân địa phương vô cùng yêu thích. Thật không ngoa khi nói rằng sủi cảo ở đây ngon “đỉnh của chóp” với miếng sủi cảo vàng óng, mềm, nhân nhiều thịt. Đưa lên miệng cắn một miếng cảm nhận ngay vị thơm của hành, vị ngọt mằn mặn của thịt, có cả vị béo, thanh thanh của nước dùng. Tất cả quyện vào nhau hài hòa, thơm ngon khiến ai thưởng thức qua cũng ghiền - Ngoài sủi cảo, quán còn có các món khác như súp cua, mì hoành thánh cũng ngon không kém. Đồ ăn ngon, giá rẻ, Sủi cảo A Chảy chính là quán ăn Cần Thơ nhất định phải thử khi đến thăm Bến Ninh Kiều.','38 Nguyễn An Ninh, Ninh Kiều, Cần Thơ',4,0,'08:00:00','22:00:00',0.00,0,15000.00,80000.00,'2025-11-30 07:50:44','2025-11-30 07:50:44'),(26,'Nhà hàng Hoa Sứ','Nhà hàng Hoa Sứ là lựa chọn lý tưởng cho các cặp đôi và gia đình tại Cần Thơ. Quán chuyên về các món đặc sản miền Tây hấp dẫn, là điểm đến không thể bỏ lỡ khi bạn ghé thăm xứ Tây Đô. Thực đơn đa dạng với nhiều món ngon như gà thả vườn, ếch, cua đồng, ốc xào, cá nướng... Tất cả đều thơm ngon và được chế biến theo phong cách miền Tây truyền thống.','Gần vòng xoay Công viên nước, Cái Khế, Quận Ninh Kiều, TP. Cần Thơ',4,0,'10:00:00','23:00:00',0.00,0,50000.00,200000.00,'2025-11-30 07:54:52','2025-11-30 07:54:52'),(27,'Quán bò nướng ngói Cù Lần','Nhắc tới các quán ăn gia đình ở Cần Thơ nổi tiếng không thể bỏ qua quán bò nướng ngói Cù Lần ở đường Đề Thám. Quán hoạt động từ chiều tới tối và luôn trong tình trạng đông khách, đặc biệt vào ngày cuối tuần. Điểm cộng của quán là nguyên liệu tươi ngon, thịt bò được nhập trong ngày và tẩm ướp gia vị theo công thức riêng. Sau đó thịt được nướng trên miếng ngói thơm ngon nóng hổi và chấm với nước chấm ngon siêu đỉnh.','Số 88/19A Đề Thám, phường Tân An, quận Ninh Kiều, thành phố Cần Thơ',4,0,'15:00:00','22:30:00',0.00,0,35000.00,65000.00,'2025-11-30 07:56:54','2025-11-30 07:56:54'),(28,'Quán ăn Gió Chiều','Thuận tiện khi đi lại thích hợp để thưởng thức những bữa ăn ngon cùng gia đình và bạn bè. Quán phục vụ các món ăn đặc sản xứ Tây Đô như: Lẩu gà, gà muối tiêu, gà chọi, gà tần, gà xào sả ớt… Đồ ăn tươi ngon và được chế biến khi có khách yêu cầu nên luôn tươi ngon, nóng hổi.','C161 Nguyễn Văn Cừ, phường An Khánh, quận Ninh Kiều, thành phố Cần Thơ',4,0,'08:00:00','21:00:00',0.00,0,50000.00,200000.00,'2025-11-30 07:58:47','2025-11-30 07:58:47'),(29,'Quán buffet lẩu - nướng Cô 3 Còi','Đây là quán buffet ở Cần Thơ có không gian rộng rãi toạ lạc ở ngay trung tâm quận Ninh Kiều. Điểm cộng là quán có vị trí trên tuyến đường sầm uất, nên rất dễ tìm và có không gian rộng rãi, thoáng mát. Thực đơn các món ăn tại nhà hàng gồm có: Lẩu mắm, thịt nướng kiểu Hàn Quốc, các món chè, đồ tráng miệng…','Số 44-46 Nguyễn Văn Cừ, phường Cái Khế, quận Ninh Kiều, thành phố Cần Thơ',4,0,'15:00:00','23:00:00',0.00,0,70000.00,130000.00,'2025-11-30 07:59:52','2025-11-30 07:59:52'),(30,'Quán Cao Ký','Quán Cao Ký từ lâu vốn là thiên đường ẩm thực nổi tiếng tại xứ Tây Đô có địa chỉ ngay trung tâm Cần Thơ. Đến với quán Cao Ký thực khách sẽ được thưởng thức các món ăn đặc sản như: Cơm gà, chuột đồng nướng, cháo ếch, gỏi xoài cá khô, lẩu cá kèo, lẩu mắm, nậm dê…','MM Mega Market Hưng Lợi, Nguyễn Văn Linh, quận Ninh Kiều, thành phố Cần Thơ',4,0,'07:00:00','22:00:00',0.00,0,80000.00,300000.00,'2025-11-30 08:01:08','2025-11-30 08:01:08'),(31,'Quán Hồi Đó','Quán Hồi Đó có không gian được trang trí xinh xắn và thoáng mát, bát đũa ở quán cũng được sử dụng đồ sành sứ giản dị nhưng rất đẹp mắt. Quán lúc nào cũng đông khách nhưng đồ ăn ra bàn rất nhanh và được bài trí tỉ mỉ. - \r\nMenu ở quán Hồi Đó có lẩu mắm, cơm gia đình có rau xào, trứng rán, canh cá linh bông điên điển, lẩu chao,... đều là những món ăn quen thuộc ở Cần Thơ được nhiều khách gọi thưởng thức.','227/15A Trần Bình Trọng, Ninh Kiều, Cần Thơ.',4,0,'09:00:00','22:00:00',0.00,0,20000.00,100000.00,'2025-11-30 08:05:17','2025-11-30 08:05:17'),(32,'Quán Hến Teen','Nếu bạn đang tìm một quán ăn ngon Cần Thơ để ăn vặt vào buổi xế chiều thì đừng quên note ngay quán Hến Teen nhé. Quán có không gian tương đối nhỏ, bù lại lúc nào cũng được dọn dẹp gọn gàng và sạch sẽ mang lại cảm giác thoải mái và hài lòng cực kỳ. - Thực khách đến với Hến Teen thường yêu thích các món hấp dẫn như: cơm nắm hến, hến xào, hến sốt me, hến xúc bánh tráng,…','bờ kè hẻm 123 đường 3/2, quận Ninh Kiều, TP. Cần Thơ.',4,0,'09:00:00','12:00:00',0.00,0,10000.00,40000.00,'2025-11-30 08:14:59','2025-11-30 08:14:59'),(33,'Nhà Hàng Phở Heo Quay','Phở Heo Quay một món ăn đặc sản độc lạ ở Cao Bằng. Thể hiện ngay chính trong cái tên và cách phối hợp nguyên liệu của. Phở một món ăn nước lại kết hợp với heo quay một món ăn khô. Tuy nghe lạ nhưng ăn một lần là lại muốn quay lại. Nếu có dịp ghé Cao Bằng, nhất định phải thử món phở heo quay này nhé! - Sợi phở ở đây được làm hoàn toàn thủ công bằng bột gạo nên có độ mềm dai vừa phải ăn kèm với miếng thịt heo quay trong mềm ngọt, ngoài giòn rụm cùng nước phở đậm vị thì ngon còn gì bằng. Giữa cái tiết trời se lạnh của Cao Bằng mà có ngay một tô phở nóng hổi lót dạ thì tin chắc rằng bạn đã nạp đủ 100% năng lượng cần thiết cho một ngày hoạt động.','ngã 4. Phố Hàng Cam, Hoàng Văn thụ, TP Cao Bằng, Cao Bằng',5,0,'08:00:00','22:00:00',0.00,0,35000.00,40000.00,'2025-11-30 08:19:47','2025-11-30 08:19:47'),(34,'Hanwon – Buffet nướng lẩu Hàn Quốc','Hanwon mang đến đại tiệc buffet hơn 40 món ăn mang đậm hương vị Hàn Quốc như thịt bò Mỹ, ba chỉ nướng, hải sản, tokbokki, kimchi, cơm cuộn... Các món được trình bày hấp dẫn và thay đổi thường xuyên, giúp thực khách luôn có trải nghiệm mới mẻ mỗi lần ghé thăm. - Không gian được thiết kế hiện đại pha nét Hàn Quốc tinh tế, rộng rãi và thoáng đãng. Bàn nướng tích hợp không khói mang đến trải nghiệm thoải mái cho khách. Hanwon đặc biệt phù hợp với các buổi tụ họp bạn bè, liên hoan công ty hay bữa ăn gia đình ấm cúng.','19 LK04-15 Hoàng Như, phường Hợp Giang, TP. Cao Bằng',5,0,'11:00:00','22:00:00',0.00,0,200000.00,300000.00,'2025-11-30 08:25:32','2025-11-30 08:25:32'),(35,'Độc Lập Restaurant','Nằm giữa trung tâm thành phố, Độc Lập Restaurant mang đến trải nghiệm ẩm thực giữa thiên nhiên với khuôn viên cây xanh thoáng đãng và thiết kế mở đón gió. Không gian tại quán ăn ngon ở Cao Bằng - Độc Lập Restaurant rộng rãi phù hợp tổ chức tiệc, gặp mặt nhóm bạn hoặc đơn giản là tìm nơi thư giãn sau ngày dài làm việc. - Thực đơn tại đây thiên về các món nhậu dân dã như chân giò chiên giòn, lòng dồi nướng, lẩu ếch măng cay, kèm theo nhiều món nhắm phong phú. Đặc biệt, quán luôn giữ được hương vị đậm đà, phù hợp khẩu vị địa phương và dễ chiếm cảm tình thực khách xa gần.','Đường 3/10, phường Sông Bằng, TP. Cao Bằng',5,0,'08:00:00','22:00:00',0.00,0,80000.00,200000.00,'2025-11-30 08:27:24','2025-11-30 08:27:24'),(36,'Nhà hàng Huy Linh Vua Vịt Trời','Nếu bạn đi du lịch Cao Bằng và muốn thưởng thức các món vịt, hãy ghé nhà hàng Huy Linh Vua Vịt Trời. Đây là một địa chỉ ăn uống có không gian rộng rãi, sang trọng với 6 phòng riêng cùng 30 bàn ăn. Bên trong nhà hàng mát mẻ, có đủ điều hòa, quạt kết hợp tường cách âm để gia đình thưởng thức các bữa ăn ngon. - Nhà hàng này chuyên bán các món vịt vốn là món ăn đặc sản Cao Bằng. Đến đây, du khách có thể thưởng thức đến tận 40 món vịt khác nhau phù hợp vào mùa và thời tiết trong năm. Nổi tiếng nhất có thể kể đến vịt quay 7 vị, lẩu vịt trời, tiết canh vịt,… Dù là món nào thì chất lượng thịt đều tươi ngon, ngọt mềm và đậm đà hương vị.','số 08, Tổ 5, Phường Ngọc Xuân, Thành Phố Cao Bằng',5,0,'14:00:00','12:00:00',0.00,0,120000.00,300000.00,'2025-11-30 08:31:26','2025-11-30 08:31:26'),(37,'Bánh cuốn Cao Bằng Bà Zin','Nhắc đến món ăn sáng ngon Cao Bằng, không thể bỏ qua bánh cuốn – món ăn gắn liền với ký ức tuổi thơ của bao thế hệ người dân nơi đây. Bánh cuốn Cao Bằng đặc biệt ở chỗ phần vỏ bánh được tráng mỏng, dẻo mềm nhưng không quá dai, nhân thịt mộc nhĩ đậm đà. Điều tạo nên nét riêng biệt chính là bát nước dùng thơm ngọt, nóng hổi, thường được chan cùng nước xương hầm, ăn kèm chả quẩy giòn tan và hành phi vàng ruộm. Vào sáng sớm se lạnh, ngồi bên bếp lửa hồng, vừa thưởng thức đĩa bánh cuốn nóng hổi, vừa hít hà hơi nước nghi ngút, mọi giác quan như bừng tỉnh giữa núi rừng Cao Bằng.','133 Vườn Cam, P. Hợp giang, Cao Bằng',5,0,'06:00:00','13:00:00',0.00,0,20000.00,25000.00,'2025-11-30 08:34:29','2025-11-30 08:34:29'),(38,'Phở chua Cao Bằng','Nếu bạn muốn tìm một món ăn sáng ngon Cao Bằng có hương vị lạ miệng, thì phở chua là lựa chọn lý tưởng. Không giống các loại phở thông thường, phở chua Cao Bằng là sự hòa quyện của sợi phở dai mềm, nước sốt chua ngọt, ăn kèm với thịt xá xíu, khoai tây chiên giòn, lạc rang và dưa chuột thái mỏng. Mỗi sáng se lạnh, thưởng thức bát phở chua mát lành, mình cảm nhận rõ sự tinh tế trong cách người Cao Bằng chế biến và biến tấu món phở quen thuộc thành đặc sản độc đáo. - Cái vị chua dịu xen lẫn chút ngọt nhẹ kích thích vị giác, khiến ai ăn một lần đều muốn quay lại. Đặc biệt, phở chua thường chỉ bán vào buổi sáng, và luôn đông khách bản địa, minh chứng cho sức hút khó cưỡng của món ăn này.','Hợp Giang, Cao Bằng',5,0,'06:00:00','13:00:00',0.00,0,20000.00,35000.00,'2025-11-30 08:35:49','2025-11-30 08:35:49'),(39,'Xôi trám','Với người dân Cao Bằng, xôi trám là món ăn sáng ngon Cao Bằng gắn liền với ký ức tuổi thơ. Xôi làm từ gạo nếp nương dẻo thơm, trộn cùng quả trám chín tím ngắt, tạo màu sắc bắt mắt và hương vị bùi bùi khó quên. Mỗi mùa trám, các hàng quán lại tấp nập khách thưởng thức, ai cũng muốn cảm nhận vị ngọt thơm của nếp, cái béo bùi của trám quyện vào nhau.','22 Đường 1-4, Hoà Chung, Cao Bằng',5,0,'10:00:00','22:00:00',0.00,0,12000.00,20000.00,'2025-11-30 08:37:24','2025-11-30 08:37:24'),(40,'Hạt Dẻ Quán','Hạt Dẻ Quán “ăn điểm” với các thực khách ngay từ phần nhìn với phong cách trang hoàng Indochine vừa đẹp vừa khác biệt. Các nhân viên của nhà hàng nhiệt tình, vui vẻ và luôn sẵn sàng tư vấn cho khách hàng. Thức ăn của Hạt Dẻ Quán được đánh giá là tươi ngon, đa dạng và đặc biệt là rất đầy đặn nên nếu bạn không ăn được nhiều thì hãy cân nhắc kẻo “vỡ bụng” đấy nhé. Các món “đinh” của Hạt Dẻ Quán bao gồm gà H’mong tiềm bí đỏ hạt dẻ, thịt khâu nhục, chân giò hầm hạt dẻ, cá rô suối rán giòn, vịt quay và xôi trứng kiến.','Số 2 Kim Đồng, Phường Hợp Giang, Cao Bằng',5,0,'11:00:00','23:00:00',0.00,0,50000.00,500000.00,'2025-11-30 08:41:09','2025-11-30 08:41:09'),(41,'Dê Ré Hà Đông','Dê Ré Hà Đông là một trong những quán chuyên về thịt dê ngon nhất Cao Bằng. Quán có menu đa dạng, chất lượng nguyên liệu tươi ngon và hương vị cực kì ổn áp, nổi bật là dê áp chảo và dê xông hơi rất được lòng thực khách. Quán có không gian sạch sẽ, nhân viên phục vụ nhiệt tình, tốc độ lên món nhanh. Nếu bạn không tiện ăn tại quán thì cũng có thể gọi ship về nhà, cứ yên tâm là món nào cũng đầy đặn và được bọc gói kĩ càng nhé.','Số 030, Tổ 17, Phường Sông Hiến, Cao Bằng',5,0,'07:00:00','22:00:00',0.00,0,250000.00,500000.00,'2025-11-30 08:42:52','2025-11-30 08:42:52'),(42,'Lẩu Phố Quán','Lẩu Phố Quán là địa chỉ không còn xa lạ với những ai ở khu vực thành phố Cao Bằng. Không gian rộng rãi, thoáng mát, cách bài trì đẹp mắt. Lẩu Phố Quán là địa chỉ lý tưởng để tổ chức những bữa tiệc sinh nhật, liên hoan, tổng kết, hội nghị hay chỉ đơn giản là những bữa cơm gia đình. Các món ăn ở đây vô cùng đặc biệt, được chế biến kĩ lưỡng thơm ngon vô cùng, nhất là những món lẩu gà, hải sản và tiệc nướng BBQ, đảm bảo tươi và chỉ dùng trong ngày. Lẩu tại đây ngon bởi nước dùng nhiều hương vị nhưng vị nào cũng rất vừa miệng, tạo nên thương hiệu riêng của Lẩu Phố Quán.','Ô số 15 – 16 Chợ Ẩm Thực Cao Bằng – Phố Đi Bộ Kim Đồng, TP. Cao Bằng, Cao Bằng',5,0,'10:00:00','23:59:00',0.00,0,300000.00,550000.00,'2025-11-30 08:47:40','2025-11-30 08:47:40'),(43,'Shu Garden Coffee','Chốn quen thuộc của những thực khách khu vực Cẩm Lệ, Shu Garden Coffee nổi tiếng là quán cafe ăn sáng Đà Nẵng tích hợp nhiều dịch vụ ăn uống và ăn chơi. Quán có không gian sân vườn rộng rãi thoáng mát, sở hữu hồ cá Koi nằm giữa khuôn viên. Shu Garden cũng có rất nhiều chỗ để chụp hình kiểu tường hoa, vintage, ánh nắng làm cho khung cảnh nên thơ hơn. Shu Garden Coffee còn có cả hoạt động tô tượng và các đêm nhạc acoustic vào cuối tuần.','43-45 Trần Ngọc Sương, Hòa Thọ Đông, Cẩm Lệ, Đà Nẵng',6,0,'06:00:00','22:00:00',0.00,0,15000.00,35000.00,'2025-11-30 08:51:10','2025-11-30 08:51:10'),(44,'Cộng Cà Phê','Cộng Cà Phê, một chuỗi cửa hàng nổi tiếng phủ khắp đất nước, đã mở rộng cả chi nhánh tại xứ sở Kim Chi. Nổi tiếng với không gian mang phong cách vintage và hoài cổ, Cộng sử dụng tông màu xanh lá đậm, gợi nhớ đến thời kỳ kháng chiến, sử dụng trang trí bằng các chiếc tivi và bàn ghế gỗ, tạo nên không gian đầy lãng mạn và hoài niệm, đây cũng là điểm tạo nên sự đặc biệt của quán cafe ăn sáng Đà Nẵng Cộng.','98-96 Bạch Đằng, Hải Châu 1, Hải Châu, Đà Nẵng',6,0,'07:00:00','23:30:00',0.00,0,15000.00,35000.00,'2025-11-30 08:53:40','2025-11-30 08:53:40'),(45,'BonPas Bakery & Coffee','Đây là một địa điểm hết sức quen thuộc khi tìm kiếm quán cafe ăn sáng Đà Nẵng nhưng chưa bao giờ hết hot trong lòng của các bạn trẻ. BonPas không chỉ là nơi để thưởng thức các loại bánh ngọt ngon lành mà còn là điểm đến lý tưởng cho những buổi gặp gỡ bạn bè, làm việc hay thư giãn. Một trong những đặc điểm nổi bật của BonPas chính là sự đa dạng trong các loại bánh, thương hiệu này còn liên tục cập nhật và phát triển menu để mang lại những trải nghiệm mới lạ cho khách hàng. ','2 Xô Viết Nghệ Tĩnh, Hoà Cường Nam, Hải Châu, Đà Nẵng',6,0,'07:00:00','22:00:00',0.00,0,12000.00,30000.00,'2025-11-30 08:54:56','2025-11-30 08:54:56'),(46,'Tiệm cà phê Cậu Út','Nằm trên con phố nhộn nhịp của Đà Nẵng, Cafe Cậu Út là một điểm đến độc đáo và thu hút giữa lòng thành phố sôi động. Với lối kiến trúc cũ kỹ, Cafe Cậu Út tạo nên một không gian riêng biệt, đậm chất hoài cổ. - Quán có tone màu xanh biển, kết hợp với màu gỗ ấm áp, tạo cảm giác thân thuộc như ngôi nhà tuổi thơ. Những bức tường gỗ, tranh ảnh cũ kỹ và đồ vật mang dấu ấn thời gian khiến không gian thêm phần gần gũi, mộc mạc. - Cafe Cậu Út còn sở hữu nhiều góc check-in lung linh, lãng mạn. Các cửa sổ, góc tường, kệ sách… đều là những bức ảnh sống ảo hoàn hảo cho giới trẻ. Không gian đa dạng, linh hoạt cũng là điểm cộng của quán. - Thực đơn đơn giản, gần gũi với những món thức uống quen thuộc, giá cả phải chăng. Phong cách phục vụ thân thiện, hiếu khách cũng khiến Cafe Cậu Út trở thành điểm hẹn quen thuộc của nhiều người.','34 Lê Hồng Phong, Phước Ninh, Hải Châu, Đà Nẵng',6,0,'06:30:00','23:30:00',0.00,0,10000.00,100000.00,'2025-11-30 08:59:13','2025-11-30 08:59:13'),(47,'Bún mắm Bà Đông','Tại Quận Hải Châu, ngoài quán Bún mắm Vân, bạn cũng có thể thưởng thức món ngon này tại quán bún mắm Bà Đông, phục vụ mọi bữa trong ngày cho thực khách. Đến đây, bạn có thể lựa chọn đa dạng các loại topping như: heo quay, bì heo, chả bỏ, nem, mít non, đu đủ, rau sống,... Tinh túy của món bún tại đây chính là phần nước mắm thơm nức mũi, vị ngọt dịu cực dễ ăn nhờ có nhiều thơm. Trước khi trộn, hãy thêm một chút ớt để món ăn thêm bùng nổ vị giác, sau đó thưởng thức một ly nước mía mát lạnh cho bữa ăn thêm tròn vị.','145 Huỳnh Thúc Kháng, Bình Hiên, Hải Châu, Đà Nẵng',6,0,'06:30:00','20:30:00',0.00,0,20000.00,30000.00,'2025-11-30 09:10:44','2025-11-30 09:10:44'),(48,'Bánh canh bà Thu','Bánh canh bà Thu là địa điểm ăn sáng quen thuộc của người dân Đà Nẵng bởi hương vị thơm ngon mà giá khá rẻ. Quán có hai món chính là bánh canh chả và bánh canh riêu cua. Khách hàng có thể lựa chọn sợi bánh canh bột lọc dai dai hoặc sợi bánh canh bột gạo mềm thơm, hòa quyện cùng nước dùng đậm đà, làm bừng tỉnh mọi vị giác.','78 Nguyễn Chí Thanh, Hải Châu, tp Đà Nẵng',6,0,'06:30:00','22:00:00',0.00,0,20000.00,45000.00,'2025-11-30 09:11:57','2025-11-30 09:11:57'),(49,'Tiệm Quê Nhà','Bánh canh bà Thu là địa điểm ăn sáng quen thuộc của người dân Đà Nẵng bởi hương vị thơm ngon mà giá khá rẻ. Quán có hai món chính là bánh canh chả và bánh canh riêu cua. Khách hàng có thể lựa chọn sợi bánh canh bột lọc dai dai hoặc sợi bánh canh bột gạo mềm thơm, hòa quyện cùng nước dùng đậm đà, làm bừng tỉnh mọi vị giác.','22 Hồng Thái, Hoà Minh, Liên Chiểu, Đà Nẵng',6,0,'10:00:00','20:30:00',0.00,0,159000.00,324000.00,'2025-11-30 09:14:00','2025-11-30 09:14:00'),(50,'Bếp Cuốn Đà Nẵng','Bếp Cuốn Đà Nẵng gây ấn tượng với thực đơn phong phú, giá cả phải chăng và không gian mang đậm truyền thống Việt Nam. Món gỏi cuốn thịt nướng là một trong những món \"best-seller\" tại đây với sự kết hợp hài hòa giữa thịt ba chỉ nướng thơm lừng, bún mềm, rau sống tươi và bánh tráng dẻo, chấm cùng nước mắm chua ngọt đậm vị. Ngoài ra, quán còn phục vụ nhiều món đậm chất Việt như bánh xèo, cá lóc kho tộ, đậu phụ chiên giòn, canh cải nấu tôm… được chế biến từ nguyên liệu tươi ngon mỗi ngày, mang đến bữa ăn đầy đủ dưỡng chất và hấp dẫn. Không gian quán rộng rãi, thoáng đãng, lấy cảm hứng từ Phố cổ Hội An với thiết kế mộc mạc, gần gũi. Cùng với đó là đội ngũ nhân viên thân thiện, tận tâm giúp trải nghiệm ẩm thực tại Bếp Cuốn thêm phần trọn vẹn.','31-33 Trần Bạch Đằng, Phước Mỹ, Sơn Trà, Đà Nẵng',6,0,'10:30:00','21:00:00',0.00,0,85000.00,195000.00,'2025-11-30 09:15:15','2025-11-30 09:15:15'),(51,'Bánh tráng kẹp Dì Hoa','Một quán ăn ngon Đà Nẵng khác mà bạn nhất định phải ghé đến trải nghiệm đó chính là Bánh tráng kẹp dì Hoa. Đến đây, bạn sẽ được thưởng thức những chiếc bánh tráng nướng nóng hổi, giòn rụm, chấm cùng nước chấm sền sệt được pha theo công thức gia truyền với đủ vị chua - cay - mặn - ngọt. Ngoài bánh tráng kẹp, bạn cũng có thể gọi thêm các món ăn vặt như bò khô, gan rim, xoài dầm,… với hương vị hấp dẫn và giá cả bình dân.','62/2A Núi Thành, Hòa Thuận Đông, Hải Châu, Đà Nẵng',6,0,'14:30:00','21:30:00',0.00,0,5000.00,12000.00,'2025-11-30 09:16:39','2025-11-30 09:16:39'),(52,'Quán ăn vặt 3colu','Tại quán ăn vặt 3colu, bạn sẽ được phục vụ một list những món ăn vô cùng hấp dẫn và đa dạng như bạch tuộc phô mai, pizza, bánh tráng trộn, bắp xào,... Trong đó, trứng chén nướng là món ngon được lựa chọn nhiều nhất, cũng là món đặc trưng khiến khách hàng nhớ đến quán ngay khi nhắc đến. Trứng sẽ được trộn với xúc xích, ruốc, hành lá và chả, sau đó đặt lên bếp than hồng, khi chín sẽ tỏa một hương thơm ngào ngạt, mùi vị có chút béo béo và nóng hổi, rất thích hợp để thưởng thức trong những ngày thời tiết se lạnh tại Đà Nẵng.','36 Nguyễn Bá Học, Hải Châu, Đà Nẵng',6,0,'15:30:00','21:30:00',0.00,0,10000.00,20000.00,'2025-11-30 09:17:43','2025-11-30 09:17:43'),(53,'Vườn Xanh Quán','Là một quán ăn chuyên phục vụ tiệc sinh nhật, cơm gia đình và nhận đặt tiệc cho các sự kiện, Vườn Xanh quán ghi điểm bởi không gian rộng rãi, thoáng mát và các món ăn được chế biến đậm đà, hợp khẩu vị của đa số đối tượng khách hàng. Bên cạnh đó, quán còn nhận hỗ trợ trang trí cho tiệc liên hoan, sinh nhật, thôi nôi… theo yêu cầu của khách. Một điểm cộng nữa là quán có bãi đỗ xe rộng rãi nên bạn sẽ hoàn toàn yên tâm khi dùng bữa tại đây nhé!','286 Hùng Vương, Phường An Bình, Buôn Hồ, Đắk Lắk',7,0,'06:30:00','22:30:00',0.00,0,85000.00,200000.00,'2025-11-30 09:20:34','2025-11-30 09:20:34'),(54,'Quán Đậu','Nếu bạn là “fan cuồng” bún đậu thì hãy đến ngay 41 Trần Bình Trọng để thưởng thức mẹt bún đậu mắm tôm ngon nhất Buôn Ma Thuột này nhé! Mỗi mẹt (tùy khẩu phần ăn) có giá dao động từ 35.000-55.000 đồng/phần. Bạn hoàn toàn có thể gọi thêm các topping ăn kèm tùy thích. Nước uống có trà đào, trà chanh, dừa tắc, chanh dâu… và các loại nước có gas luôn sẵn sàng phục vụ quý khách. Điểm trừ duy nhất là quán luôn đông khách nên có thể bạn sẽ phải chờ và ít chỗ đậu xe nhé!','41 Trần Bình Trọng, Thành Công, Thành phố Buôn Ma Thuột, Đắk Lắk',7,0,'09:00:00','21:30:00',0.00,0,35000.00,55000.00,'2025-11-30 09:21:49','2025-11-30 09:21:49'),(55,'Kimnana Food','Nếu bạn đam mê ẩm thực đồ nướng theo phong cách Hàn Quốc thì Kimnana Food có thể làm bạn say đắm ngay từ lần đầu tiên. Các món nướng tươi ngon, được ướp vừa miệng lại cộng thêm phần nước chấm đậm đà, độc đáo. Menu thức ăn và đồ uống đều rất đa dạng, bạn có thể gọi theo phần hoặc gọi combo. Quán được thiết kế với không gian khá riêng tư, thích hợp đi ăn với gia đình hoặc hẹn hò. Điểm trừ duy nhất là nếu bạn đến vào giờ cao điểm thì hơi khó để tìm một chỗ đậu xe cho ô tô nhé!','172 Lý Thường Kiệt, Thắng Lợi, Thành phố Buôn Ma Thuột, Đắk Lắk',7,0,'10:00:00','22:00:00',0.00,0,45000.00,289000.00,'2025-11-30 09:22:49','2025-11-30 09:22:49'),(56,'Cháo miến lươn Nghệ An','Nếu bạn là một người con xứ Nghệ hay đơn giản là bạn thích ăn các món lươn thì hãy đến ngay 67 Trần Quang Khải để thưởng thức hương vị quê nhà thơm ngon khó cưỡng này nhé. Phải nói quán luôn đông khách, nhiều hôm đến còn phải đợi để có bàn ngồi. Menu đơn giản gồm các món: Cháo lươn, miến lươn xào, miến lươn nước, trong đó miến lươn xào là được nhiều người lựa chọn nhất. Không gian rộng rãi, mở cửa vào cả buổi sáng và buổi chiều tối nên bạn có thể thoải mái lựa chọn thời gian thích hợp để ghé quán nhé!','67 Trần Quang Khải, Tân Lợi, Thành phố Buôn Ma Thuột, Đắk Lắk',7,0,'06:00:00','18:30:00',0.00,0,35000.00,45000.00,'2025-11-30 09:24:26','2025-11-30 09:24:26'),(57,'Ăn vặt Leo','Đang đi du lịch phố núi mà lại thèm ăn vặt thì ghé ngay Ăn vặt Leo bạn nhé! Với menu đầy đủ các món từ ăn no đến ăn vặt như: viên chiên đến bắp xào, há cảo, bánh bao hấp, mỳ Ý, cơm chiên… Tuy chỉ là một quán nhỏ nhưng với menu đồ ăn, đồ uống đa dạng, không gian sạch sẽ, thoáng mát nên quán luôn đông khách. Đặc biệt, Leo là một trong số những cửa hàng hiếm hoi ở Buôn Ma Thuột có bán bánh Crepe sầu riêng – một món ăn không thể bỏ lỡ của các tín đồ sầu riêng. Nếu có dịp ghé thăm Buôn Ma Thuột, đừng quên ghé Leo ăn vặt nhé!','Hẻm 48 Hùng Vương, Tự An, Thành phố Buôn Ma Thuột, Đắk Lắk',7,0,'11:00:00','21:30:00',0.00,0,10000.00,50000.00,'2025-11-30 09:25:33','2025-11-30 09:25:33'),(58,'Bún giò chìa cô Chua','Bún giò chìa cô Chua đã không còn xa lạ gì với thực khách ở Buôn Ma Thuột. Quán ăn mở từ sáng đến tận đêm nên bất cứ lúc nào bạn thèm một tô giò chìa khổng lồ thì đến ngay 222-223 Nguyễn Tất Thành để thưởng thức nhé! Quán nằm ngoài đường chính, đối diện siêu thị Coopmart Buôn Ma Thuột nên rất dễ tìm. Nhưng cũng vì thế mà hơi khó để tìm chỗ đậu ô tô trong giờ cao điểm. Còn về hương vị tô bún giò chìa ở đây thì thơm ngon miễn bàn, nước dùng ngọt thịt, chiếc giò chìa thì “siêu to khổng lồ” và rau ăn kèm tươi ngon.','222-224 Nguyễn Tất Thành, Tân An, Thành phố Buôn Ma Thuột, Đắk Lắk',7,0,'07:00:00','12:00:00',0.00,0,35000.00,85000.00,'2025-11-30 09:27:12','2025-11-30 09:27:12'),(59,'Bún đỏ Thu','Là quán bún đỏ nổi tiếng ở Buôn Ma Thuột, Bún đỏ Thu sẽ mang bạn đến với hương vị của một tô bún đỏ thơm ngon đúng điệu. Mỗi tô sẽ gồm topping: trứng, hành phi một miếng chả cua và thịt viên. Nước dùng có vị chua nhẹ, thêm một chút mắm tôm và chanh nữa thì rất vừa miệng. Đây là địa chỉ được nhiều thực khách đánh giá là quán bún đỏ đáng thử nhất Buôn Ma Thuột không chỉ vì hương vị thơm ngon mà còn bởi giá cả phải chăng. Bạn hãy đến thưởng thức và cảm nhận nhé!','Lê Hồng Phong, Tân tiến, Thành phố Buôn Ma Thuột, Đắk Lắk',7,0,'15:00:00','23:00:00',0.00,0,20000.00,35000.00,'2025-11-30 09:28:24','2025-11-30 09:28:24'),(60,'Phở khô 2 tô 99','Không chỉ nổi tiếng ở Gia Lai, phở khô đã có mặt ở Buôn Ma Thuột với hương vị thơm ngon không kém cạnh gì ở tỉnh bạn. Mỗi phần phở khô sẽ gồm 2 tô, 1 tô phở và 1 tô nước, kèm thêm một đĩa rau sống ăn kèm. Quán chỉ bán ăn sáng nên nếu bạn muốn ăn thử phở khô ở Buôn Ma Thuột thì nhớ ghé sớm vì có nhiều hôm hết sớm quán cũng nghỉ sớm nhé! Không gian quán rộng rãi, thoáng mát, chỗ để xe cũng thoải mái nên bạn có thể yên tâm nhé!','99 Nguyễn Công Trứ, Tự An, Thành phố Buôn Ma Thuột, Đắk Lắk',7,0,'17:30:00','22:30:00',0.00,0,55000.00,60000.00,'2025-11-30 09:30:02','2025-11-30 09:30:02'),(61,'Bún riêu Đoàn Kết','Với lượng bún riêu bán ra mỗi ngày khoảng 1.000 tô thì bạn cũng có thể đoán được mức độ nổi tiếng của Bún riêu Đoàn Kết rồi phải không nào? Dù chỉ nằm ở ngõ nhỏ tại Buôn Ma Thuột nhưng quán luôn xếp hàng dài khách chờ mua về và ăn tại quán. Mức giá bình dân chỉ từ 22.000 – 27.000 đồng/tô nhưng được một phần ngập bún, riêu và nước dùng đậm đà, tuyệt hảo. Có lẽ thứ làm nên nét đặc trưng của quán là những viên riêu được làm bởi thịt, cua, nấm… mang hương vị độc đáo, ngon miệng. Nếu bạn đã đến Buôn Ma Thuột thì đừng bỏ lỡ quán bún riêu này nhé!','Ngõ 102/84 Nguyễn Tất Thành, Tân Lợi, Thành phố Buôn Ma Thuột, Đắk Lắk',7,0,'06:30:00','21:30:00',0.00,0,22000.00,27000.00,'2025-11-30 09:33:01','2025-11-30 09:33:01'),(62,'Beer Zone – Thế giới nhậu','Với không gian rộng rãi, thoáng mát, Beer Zone là địa điểm lý tưởng để thiết kế một “buổi chill”. Đồ ăn phục vụ đa dạng, với gần 50 món khác nhau, đủ các loại món, thích hợp để nhâm nhi trong các cuộc nhậu. Thêm vào đó, chỗ để ra thoải mái cũng là một điểm cộng lớn mà không phải quán ăn nào ở Buôn Ma Thuột cũng đáp ứng được. Bạn có thể đặt trước để chuẩn bị tiệc sinh nhật hoặc các buổi tiệc khác. Các bàn được sắp xếp khá xa nhau nên dù quán đông vẫn tạo được sự riêng tư nhất định nên bạn không phải băn khoăn nhé!','141 Hùng Vương, Tự An, Thành phố Buôn Ma Thuột, Đắk Lắk',7,0,'14:30:00','12:30:00',0.00,0,49000.00,169000.00,'2025-11-30 09:34:45','2025-11-30 09:34:45'),(63,'Phadin Coffee and Desserts','Phadin Coffee and Desserts, quán sẽ không làm du khách thất vọng bởi lối thiết kế hơi hướng Châu Âu theo phong cách các quán cafe ngoài trời. Phadin Coffee and Desserts bố trí ánh sáng khắp mọi nơi, rất đẹp và thu hút rất nhiều du khách và là điểm hẹn quen thuộc của người dân Điện Biên. Thực đơn của quán khá phong phú, bên cạnh đồ uống quán phục vụ thêm bánh tráng miệng khá nong và lạ. Phadin Coffee and Desserts hứa hẹn là điểm đến thú vị để thư giãn và giải trí.','63 Tổ 3 Trần Đăng Ninh, thành phố Điện Biên',8,0,'08:00:00','23:00:00',0.00,0,25000.00,60000.00,'2025-11-30 09:43:18','2025-11-30 09:43:18'),(64,'Hôm Nào Coffee ‘N Kitchen','Hôm Nào Coffee ‘N Kitchen được làm 100% bằng gỗ, có mái lá. Bao quanh quán cà phê là những bụi cây xanh mát, hoa cỏ trải dài quanh những hàng ghế sạch đẹp, tạo cảm giác thanh bình, thư thái. Thêm vào đó quán cà phê còn thiết kế thêm những không gian chụp ảnh vô cùng xinh đẹp, giúp khách hàng khi đến đây vừa thưởng thức đồ uống ngon, thư giãn cùng bạn bè vừa có những bức ảnh xinh đẹp mang về. Mô hình quán cafe phong cách gần gũi thiên nhiên hòa cùng không khí trong lành, nơi đây thực sự là một nơi để tận hưởng sự thanh bình, của không khí sum họp, với tiếng trò chuyện cạnh ly cà phê hảo hạng.','97 Trần Can, Mường Thanh, Thành phố Điện Biên Phủ, tỉnh Điện Biên',8,0,'08:00:00','22:30:00',0.00,0,25000.00,35000.00,'2025-11-30 09:45:52','2025-11-30 09:45:52'),(65,'Thắng Cố Huy Râu','Nổi tiếng là một trong những quán ăn ngon Điện Biên chuyên phục vụ các món đặc sản Tây Bắc, Huy Râu mang đến trải nghiệm vị giác độc đáo với lẩu Thắng Cố nức tiếng. Ngoài ra, thực khách có thể thưởng thức thêm các món chế biến từ thịt bò, thịt ngựa, ếch, chạch, sụn, lòng… cực hấp dẫn.','Số nhà 98, tổ 11, phường Mường Thanh, Điện Biên Phủ, Điện Biên',8,0,'08:00:00','12:30:00',0.00,0,250000.00,300000.00,'2025-11-30 09:51:59','2025-11-30 09:51:59'),(66,'Nhà sàn Lò Bảo Châu ','Nhà sàn Lò Bảo Châu cũng là một quán ăn ngon ở Điện Biên rất được lòng du khách. Nếu bạn đam mê ẩm thực Tây Bắc thì đây chính là địa điểm lý tưởng để dừng chân. Quán ăn này nằm ở Đội 13, Bản Mển, xã Thanh Nưa, huyện Điện Biên. Với địa thế gần quốc lộ 12 nên không quá khó để bạn tìm đường đến đây. - Không giống những quán ăn ở Điện Biên khác, nơi này là một không gian nhà sàn ấm cúng với chất liệu tre gỗ chủ đạo, đậm chất văn hóa bản địa Tây Bắc. Ghé đây thưởng thức các món ngon mà du khách có cảm tưởng đang sống như một người Thái thực thụ. Từ không gian, cách bày biện đồ ăn đều rất địa phương.','Đội 13, Bản Mển, xã Thanh Nưa, huyện Điện Biên',8,0,'19:00:00','12:00:00',0.00,0,350000.00,500000.00,'2025-11-30 09:53:54','2025-11-30 09:53:54'),(67,'Nhà hàng A1','Nhà hàng A1 là một lựa chọn lý tưởng để bạn thưởng thức ẩm thực Điện Biên. Không gian của nhà hàng khá sang trọng và trang nhã. Mọi nguyên liệu tại A1 hoàn toàn tươi mới và được cung cấp từ nguồn gốc rõ ràng. Đầu bếp nhà hàng Điện Biên này đều chuyên nghiệp, có nhiều năm kinh nghiệm, chuyên chế biến ra những món ăn mang đậm nét Việt. Khi đến đây, bạn nên thử món lẩu và buffet nướng không khói. Lẩu bò Hongkong với lẩu thang máy 4 ngăn lần đầu có tại Điện Biên với những loại lẩu nổi tiếng như lẩu Thái, lẩu Tứ Xuyên, lẩu bò Lý Quốc Sư, lẩu Trường thọ…với 2 và 4 vị lẩu trong 1 nồi lẩu… chua chua, ngọt ngọt, lại thêm giòn giòn, sần sật của những món nộm khai vị kích thích vị giác. ','3 Hoàng Công Chất, Mường Thanh, Điện Biên',8,0,'17:30:00','12:00:00',0.00,0,225000.00,368000.00,'2025-11-30 09:55:30','2025-11-30 09:55:30'),(68,'Nhà Hàng Chay Yên Ninh','Nếu bạn là tín đồ của ẩm thực chay, đừng bỏ qua Nhà Hàng Chay Yên Ninh khi đến Điện Biên Phủ. Với không gian rộng rãi, thoáng đãng và ấm cúng, nơi đây mang lại cảm giác bình yên, nhẹ nhàng cho mỗi thực khách. Ăn chay vào những ngày đầu tháng hay ngày rằm là truyền thống lâu đời của người Việt, và nhà hàng chính là điểm đến lý tưởng để bạn tận hưởng nét đẹp văn hóa ấy. - Thực đơn tại Nhà Hàng Chay Yên Ninh vô cùng phong phú, tập trung chủ yếu vào các món chay truyền thống Việt như phở chay, bún chả chay, nem chay, cà ri chay cùng nhiều món ăn đậm đà hương vị chay khác. Không chỉ là nơi thưởng thức, nhà hàng còn phục vụ tiệc chay, tiệc cưới chay và tổ chức các sự kiện đặc biệt, đáp ứng nhu cầu đa dạng của khách hàng.','257 Tổ 9, Tân Thanh, TP. Điện Biên Phủ, Điện Biên',8,0,'06:30:00','21:30:00',0.00,0,33000.00,45000.00,'2025-11-30 09:59:27','2025-11-30 09:59:27'),(69,'Nhà Hàng Xuân Long Tây Bắc','Nhắc đến món ăn tối ngon Điện Biên đầu tiên, không thể thiếu xôi nếp nương – đặc sản lừng danh gắn liền với những thửa ruộng bậc thang trùng điệp. Xôi nếp nương được nấu từ hạt nếp to, dẻo, thơm lừng đặc trưng của vùng Tây Bắc. Mỗi lần mở nắp chõ xôi, hương thơm lan tỏa, khói nghi ngút, hạt xôi căng bóng, dẻo mà không nát, có vị ngọt thanh rất riêng biệt. Để xôi ngon đúng vị, người Điện Biên thường dùng lá dong hoặc lá chuối lót dưới, kết hợp thêm đậu xanh, dừa nạo hoặc ăn kèm chẩm chéo – loại gia vị đặc trưng của vùng cao. Đĩa xôi nếp nương nóng hổi vào buổi tối, ăn cùng thịt lợn bản, gà đồi, hoặc chỉ chấm chút muối vừng thôi cũng đủ làm ấm lòng bất cứ ai.','261 Nguyễn Hữu Thọ, Thanh Trường, Điện Biên Phủ, Điện Biên',8,0,'08:30:00','22:30:00',0.00,0,13000.00,25000.00,'2025-11-30 10:01:49','2025-11-30 10:01:49'),(70,'Nhà Hàng Kim Cúc','Nậm pịa là món ăn truyền thống nổi tiếng của đồng bào Thái, góp mặt trong danh sách món ăn tối ngon Điện Biên lạ miệng nhất. Nghe tên nhiều người e ngại, nhưng ai đã ăn rồi thì khó quên hương vị đậm đà, cay cay, thơm nồng của nước hầm nội tạng bò cùng pịa (dịch ruột non). Món này thường được nấu cùng xương, tiết, gừng, tỏi, sả, ớt và các loại rau rừng, tạo nên vị béo ngậy, dậy mùi đặc trưng. Nậm pịa thường ăn kèm với xôi hoặc cơm, rất phù hợp để thưởng thức vào buổi tối mát lạnh.','72R5+FFR, QL279, Noọng Hẹt, h. Điện Biên, Điện Biên',8,0,'07:00:00','21:30:00',0.00,0,20000.00,35000.00,'2025-11-30 10:03:59','2025-11-30 10:03:59'),(71,'Nhà hàng thắng cố Minh Khanh','Thắng cố là món đặc sản nổi tiếng, xếp trong danh sách món ăn tối ngon Điện Biên không thể bỏ lỡ. Thắng cố truyền thống dùng thịt ngựa, lòng ngựa cùng các loại gia vị đặc trưng như thảo quả, mắc khén, quế, sả, gừng… tạo nên hương vị đậm đà, hơi ngậy, thơm và cay. Ăn thắng cố vào buổi tối trời se lạnh, nhâm nhi cùng chén rượu, hàn huyên cùng bạn bè là trải nghiệm khó quên cho bất kỳ ai.','113 Đ. Nguyễn Chí Thanh, Phường Mường Thanh, Điện Biên Phủ, Điện Biên',8,0,'08:00:00','23:30:00',0.00,0,135000.00,220000.00,'2025-11-30 10:05:03','2025-11-30 10:05:03'),(72,'DienBienView (Trâu Gác Bếp Hải Tần)','Nhắc đến món ăn tối ngon Điện Biên, thịt trâu gác bếp là món không thể thiếu trong mọi bữa tụ họp. Thịt trâu sau khi tẩm ướp muối, mắc khén, ớt, gừng… được xiên que tre, treo trên gác bếp than củi suốt nhiều tháng. Nhờ vậy, miếng thịt giữ được vị ngọt tự nhiên, thơm nồng hương khói, càng nhai càng ngấm gia vị đặc trưng. Khi ăn, chỉ cần xé nhỏ chấm cùng chẩm chéo hoặc tương ớt, nhâm nhi cùng chén rượu ngô thì lạnh mấy cũng thấy ấm lòng. Món này rất thích hợp để thưởng thức vào buổi tối se lạnh ở Điện Biên.','6 Trần Đăng Ninh, Mường Thanh, Điện Biên Phủ, Điện Biên',8,0,'06:30:00','23:00:00',0.00,0,65000.00,80000.00,'2025-11-30 10:06:53','2025-11-30 10:06:53'),(73,'Neo Shabu Suki','Neo Shabu Suki là một nhà hàng kết hợp giữa hai nền văn hóa ẩm thực lớn đó là Nhật Bản và Thái Lan. Khi đến với nhà hàng này bạn sẽ được thưởng thức những món ăn mang hương vị đặc biệt mà không ở đâu có thể tìm thấy được.\r\nQuán có không gian rộng rãi và đầy sự sang trọng với thiết kế mang đậm chất văn hóa của xứ sở hoa anh đào. Quán có công thức nấu lẩu riêng biệt được chính tay các đầu bếp chuyên nghiệp, nổi tiếng đứng bếp.','R86 Võ Thị Sáu, P. Thống Nhất, Tp Biên Hòa, Đồng Nai',9,0,'10:30:00','21:00:00',0.00,0,15000.00,180000.00,'2025-11-30 10:11:02','2025-11-30 10:11:02'),(74,'Lê La Cà Phê','Lê La Cà Phê là một trong những quán café vintage đáng chú ý ở Đồng Nai, mang đến không gian hoài cổ giúp thực khách thư giãn và “chill” giữa nhịp sống hiện đại. Sau khi trải nghiệm trực tiếp vào buổi sáng, tôi xin chia sẻ những đánh giá khách quan về quán café phong cách vintage này.','35 Cách Mạng Tháng Tám, Xuân Hoà, Long Khánh, Đồng Nai',9,0,'07:00:00','22:00:00',0.00,0,20000.00,50000.00,'2025-11-30 10:15:18','2025-11-30 10:15:18'),(75,'Nhã Viên Quán','Nhã Viên Quán phục vụ thực đơn phong phú với các món ăn thuần Việt như cá kho, canh chua, gà ta hấp lá chanh… mang hương vị quê nhà chuẩn chỉnh. Đây là quán ăn ngon Đồng Nai lý tưởng cho những ai yêu thích sự mộc mạc và đậm đà của ẩm thực truyền thống, rất phù hợp với nhu cầu tìm quán ăn ngon tại Đồng Nai.','12/9C Tổ 6, Khu Phố 1, P. Bửu Long, Biên Hoà',9,0,'07:00:00','21:00:00',0.00,0,300000.00,500000.00,'2025-11-30 10:17:42','2025-11-30 10:17:42'),(76,'Phù An Quán','Phù An Quán chuyên phục vụ các món Huế đặc sắc như bún bò, bánh bèo, bánh bột lọc, hương vị chuẩn miền Trung. Nếu bạn muốn tìm một quán ăn ngon Đồng Nai với phong cách ẩm thực khác biệt, đậm đà và chuẩn vị, thì đây chính là một trong những quán ăn ngon tại Đồng Nai đáng thử.','K80, đường A3, Phường Thống Nhất, Biên Hòa',9,0,'10:00:00','22:00:00',0.00,0,200000.00,300000.00,'2025-11-30 10:18:39','2025-11-30 10:18:39'),(77,'Ăn Vặt San ','Quán gây ấn tượng mạnh với khách hàng bởi thực đơn vô cùng đa dạng từ trà trái cây, trà sữa đến các món ăn \"hot hit\" với giới trẻ. Các món ăn vặt chủ yếu là các loại viên chiên, tré trộn, khoai tây lắc,... Quy trình chế biến các món ăn của quán được tiến hành tỉ mỉ, đảm bảo ngon sạch chất lượng, ăn một lần là nhớ mãi. Nguyên liệu lựa chọn kĩ lưỡng, đảm bảo ngon và sạch. Thêm vào đó, nhân viên khá nhiệt tình và nhanh nhẹn, thân thiện cũng là điểm cộng giúp quán chinh phục khách hàng. Chính vì thế mà khách tới quán đông vô cùng.','Hẻm 224 Lê Duẩn, Long Thành, Đồng Nai',9,0,'11:00:00','22:00:00',0.00,0,15000.00,22000.00,'2025-11-30 10:25:03','2025-11-30 10:25:03'),(78,'Nhà Hàng Thuần Việt','Nhà Hàng Thuần Việt không giới hạn bản thân trong một vùng miền cụ thể, mà mang đến cho bạn trải nghiệm đa dạng về ẩm thực truyền thống từ cả ba miền Bắc, Trung và Nam của Việt Nam. Tất cả các món ăn đặc sản từ mọi vùng miền đều có mặt trên thực đơn của nhà hàng này.\r\nNgồi tại một góc nhỏ, bạn có thể bắt đầu hành trình thú vị qua các hương vị độc đáo của từng miền quê, cảm giác như một cuộc du hành đa vùng miền ngay trước mắt. Hương vị độc đáo của mỗi món ngon Đồng Tháp tại Nhà Hàng Thuần Việt thể hiện rõ nét sự đa dạng và sự phong phú của nền ẩm thực Việt Nam.','218A Nguyễn Huệ, TP. Đồng Tháp, Cao Lãnh',10,0,'10:00:00','22:00:00',0.00,0,200000.00,300000.00,'2025-11-30 10:37:43','2025-11-30 10:37:43'),(79,'Nhà Hàng Hải Sơn','Nhà Hàng Hải Sơn đã trở thành một địa điểm quen thuộc với nhiều người. Và đây chính là nơi mà bạn có thể tận hưởng không gian mới mẻ và độc đáo mỗi lần ghé thăm. Với những món ăn tuyệt vời, Nhà Hàng Hải Sơn không chỉ là nơi để bạn thỏa mãn vị giác. Mà còn là nơi bạn có thể thỏa sức tận hưởng nghệ thuật ẩm thực.','Lộ Hòa Đông, TP. Đồng Tháp, Cao Lãnh',10,0,'09:00:00','22:30:00',0.00,0,50000.00,1000000.00,'2025-11-30 10:41:19','2025-11-30 10:41:19'),(80,'Nhà Hàng Sếu Đỏ Cao Lãnh','Nhà Hàng Sếu Đỏ Cao Lãnh không chỉ là một địa điểm ẩm thực nổi bật giữa trung tâm TP. Đồng Tháp. Mà còn là một biểu tượng văn hóa và ẩm thực đa miền của Việt Nam trong suốt 16 năm qua. Thực đơn tại Nhà Hàng Sếu Đỏ Cao Lãnh là sự kết hợp tinh tế của những món ăn đa dạng. Đến từ ba miền của Việt Nam, được chế biến theo cách bảo tồn tinh hoa của làng quê.','Số 10 QL30, TP. Đồng Tháp, Cao Lãnh',10,0,'09:00:00','23:30:00',0.00,0,335000.00,624000.00,'2025-11-30 10:42:21','2025-11-30 10:42:21'),(81,'Quán Phở khô ','Đến với quán phở khô Hồng bạn sẽ được thưởng thức món phở khô và phở 2 tô nức tiếng từ lâu của vùng đất Gia Lai này. Món ăn rất ngon và hấp hấp dẫn , quán ăn sạch sẽ thoáng mát, chủ quán thân thiện, chu đáo. Bên cạnh món phở rất ngon thì giá cả cũng rất hợp lý, nếu bạn mong muốn được nếm thử hương vị vùng miền thì nên ghé quán nhé.','22-24 Nguyễn Văn Trỗi, P. Hội Thương, Thành phố Pleiku, Gia Lai',11,0,'06:00:00','14:00:00',0.00,0,50000.00,60000.00,'2025-11-30 10:48:42','2025-11-30 10:48:42'),(82,'Quán Bún cua Chi','Bún cua là một món ăn rất nổi tiếng và mang hơi thở của vùng phố núi Gia Lai. Nếu bạn đang chưa biết nên thưởng thức món Bún cua ở đâu uy tín thì hãy ghé quán Bún cua Chi nhé. Quán khai trương từ năm 1998, với hơn 20 năm kinh nghiệm, Bún Cua Chi là sự lựa chọn hàng đầu cho những ai mê mẩn món ăn này. Bún cua ở quán lạ miệng và vẫn giữ được hương vị vốn có của vùng miền.','2 Phùng Hưng, P. Hội Thương, Thành phố Pleiku, Gia Lai',11,0,'11:00:00','18:00:00',0.00,0,13000.00,20000.00,'2025-11-30 10:50:11','2025-11-30 10:50:11'),(83,'Quán Shock Bờ Kè','Quán Shock Bờ Kè là một điểm đến tuyệt vời với những ai yêu thích món ngon từ cá. Quán có nhiều món lẩu rất ngon và lạ miệng từ cá cho bạn tha hồ cảm nhận, hương vị của món lẩu cá ở đây cũng rất đậm đà, không gian thoáng mát và giá cả lại rất hợp lý.','Bờ kè, Suối Hội Phú, Phù Đổng, Thành phố Pleiku, Gia Lai',11,0,'01:00:00','12:00:00',0.00,0,140000.00,150000.00,'2025-11-30 10:51:42','2025-11-30 10:51:42'),(84,'Lẩu Long Wang – lẩu hấp thủy nhiệt Hồng Kông','Về các món ăn được hấp thủy nhiệt sẽ giữ được nguyên vẹn dinh dưỡng trong thức ăn. Hấp nhiệt nên các món ăn không tiếp xúc với dầu mỡ, chiên rán nên vô cùng tốt cho sức khỏe của thực khách. Các nguyên liệu đã được nhà hàng tuyển chọn tươi ngon và qua khâu chế biến sạch sẽ hợp vệ sinh nên các bạn yên tâm nha. - Thực đơn nhà hàng vô cùng đa dạng với hơn 50 món ăn từ hải sản, thịt bò, cá,…. Không gian nhà hàng rộng rãi, thoáng mát và được trang trí theo phong cách Hồng Kông hiện đại nên có quá trời góc chụp hình check-in, sống ảo luôn đó các bạn. Đặc biệt là nhân viên phục vụ tại nhà hàng vô cùng dễ thương, nhiệt tình và chu đáo sẽ khiến các bạn cực kì hài lòng.','84 Ngọc Khánh, Ba Đình , Hà Nội',12,0,'10:00:00','23:00:00',0.00,0,15000.00,229000.00,'2025-11-30 10:54:13','2025-11-30 10:54:13'),(85,'Bún chả Hàng Quạt','Bún chả Hàng Quạt là nơi mà bạn không thể bỏ qua khi đến Hà Nội, chính vì cả cựu tổng thống Mỹ Barack Obama còn đến thì tại sao bạn lại bỏ qua được hương vị ẩm thực Việt này phải không nào? Một phần bún chả đầy đặn gồm nước chấm, bún sợi và thịt nướng. Phần chả được làm từ thịt tẩm ướp gia vị rất vừa miệng và không thể bỏ qua được nước chấm được pha theo công thức riêng biệt.','74 Hàng Quạt, Hoàn Kiếm, Hà Nội.',12,0,'10:00:00','14:00:00',0.00,0,25000.00,40000.00,'2025-11-30 10:55:38','2025-11-30 10:55:38'),(86,'Bún thang Bà Đức','Hà Nội còn nổi tiếng với rất nhiều món ăn được làm từ bún và biến tấu thành rất nhiều hương vị để ẩm thực Việt ta ngày càng phong phú hơn. Và hãy thử một lần đến Hà thành để thưởng thức qua món bún thang của Bà Đức, là một trong những quán ăn ngon Hà Nội.','48 Cầu Gỗ, Hàng Bạc, Hoàn Kiếm, Hà Nội',12,0,'18:00:00','22:00:00',0.00,0,30000.00,55000.00,'2025-11-30 10:57:19','2025-11-30 10:57:19'),(87,'Lương Sơn Quán','Lương Sơn Quán là một trong những nhà hàng ngon ở Hà Tĩnh chuyên phục vụ các món nhậu, lẩu, nướng theo phong cách đồng quê. Đặc biệt, món gà nướng muối ớt và lẩu ếch thơm cay là hai lựa chọn được thực khách đánh giá cao.','78 Đường Nguyễn Huy Oánh, Nguyễn Du, Hà Tĩnh',13,0,'10:00:00','22:00:00',0.00,0,200000.00,300000.00,'2025-11-30 10:59:13','2025-11-30 10:59:13'),(88,'Nhà hàng Cơm Việt','Nhắc đến nhà hàng ngon ở Hà Tĩnh, không thể bỏ qua Cơm Việt – nơi hội tụ những món ăn gia đình quen thuộc như cá kho, thịt rang cháy cạnh, canh rau ngót… được chế biến tỉ mỉ, hợp khẩu vị cả người lớn lẫn trẻ nhỏ.','96 đường Lê Duẩn, Trần Phú, Hà Tĩnh',13,0,'06:00:00','22:00:00',0.00,0,100000.00,300000.00,'2025-11-30 11:00:01','2025-11-30 11:00:01'),(89,'Góc Phố Cơm Huế','Góc Phố Cơm Huế phục vụ các món ăn đặc trưng của xứ Huế như cơm hến, bún bò, bánh ram ít… với hương vị chuẩn và nguyên liệu chất lượng. Đây là điểm đến lý tưởng cho những ai yêu thích ẩm thực miền Trung tinh tế.','Số 154 , Đường Lê Duẩn, Thành Phố Hà Tĩnh.',13,0,'07:30:00','21:00:00',0.00,0,100000.00,0.00,'2025-11-30 11:02:02','2025-11-30 11:02:02'),(90,'Bánh Mì Chảo','Một chảo sốt nóng hổi ở Bánh Mì Chảo có pate, xúc xích, trứng, khoai tây, dưa chuột và cà chua. Một chảo đủ cho 2 bánh mì dành cho 2 người ăn luôn, nên cho thêm tương ớt và Mayonaise cho đậm vị. Đúng là có chất lượng thì có tiếng, còn rẻ nữa, quán hơi khó tìm chứ khách ngày ngày vẫn đông đấy!','Kỳ Đồng, Quận Hồng Bàng, Hải Phòng',14,0,'06:00:00','21:00:00',0.00,0,25000.00,40000.00,'2025-11-30 11:03:54','2025-11-30 11:03:54'),(91,'Goodmen Fastfood','Một bữa tối ngon lành tại Goodmen cũng là điều mà khách thường hay làm ở Goodmen Fastfood. Quán có 2 tầng, trang trí khá ổn. Đặc biệt, burger bò và burger gà ở đây rất ngon, được chiên vàng, giòn rum, nước sốt kết hợp cùng thì phải nói là đỉnh cao.','Kỳ Đồng, Quận Hồng Bàng, Hải Phòng',14,0,'07:00:00','22:00:00',0.00,0,14000.00,68000.00,'2025-11-30 11:05:12','2025-11-30 11:05:12'),(92,'Cháo 147','Người dân địa phương Hải Phòng ở đây kể rằng đến đây cũng khá nhiều lần, mỗi lần gọi một món cháo khác nhau và thực sự bị ấn tượng vì món nào cũng ngon cả. Cảm giác khi thấy nồi cháo bốc khói nghi ngút được mang ra rất tuyệt vời luôn ấy. Quán được trang trí đẹp mắt, không gian thoáng đãng nữa.','220 Hàng Kênh, Quận Lê Chân, Hải Phòng',14,0,'10:00:00','22:00:00',0.00,0,15000.00,50000.00,'2025-11-30 11:06:30','2025-11-30 11:06:30');
/*!40000 ALTER TABLE `food_courts` ENABLE KEYS */;
UNLOCK TABLES;

--
-- Table structure for table `information_payments`
--

DROP TABLE IF EXISTS `information_payments`;
/*!40101 SET @saved_cs_client     = @@character_set_client */;
/*!50503 SET character_set_client = utf8mb4 */;
CREATE TABLE `information_payments` (
  `id` int unsigned NOT NULL AUTO_INCREMENT,
  `user_id` int unsigned NOT NULL,
  `full_name` varchar(255) CHARACTER SET utf8mb4 COLLATE utf8mb4_unicode_ci NOT NULL,
  `account_number` varchar(50) CHARACTER SET utf8mb4 COLLATE utf8mb4_unicode_ci NOT NULL,
  `bank_name` varchar(100) CHARACTER SET utf8mb4 COLLATE utf8mb4_unicode_ci NOT NULL,
  `qr_code` varchar(255) CHARACTER SET utf8mb4 COLLATE utf8mb4_unicode_ci DEFAULT NULL,
  `created_at` timestamp NULL DEFAULT NULL,
  `updated_at` timestamp NULL DEFAULT NULL,
  PRIMARY KEY (`id`)
) ENGINE=InnoDB AUTO_INCREMENT=30 DEFAULT CHARSET=utf8mb4 COLLATE=utf8mb4_unicode_ci;
/*!40101 SET character_set_client = @saved_cs_client */;

--
-- Dumping data for table `information_payments`
--

LOCK TABLES `information_payments` WRITE;
/*!40000 ALTER TABLE `information_payments` DISABLE KEYS */;
INSERT INTO `information_payments` VALUES (7,3,'NGUYEN HONG PHONG','123131231321313','ACB','/uploads/QRs/hong-phongnguyen/QR_691aee6d2153d2.75927344_Screenshot_2025-04-24_171602.png','2025-11-17 09:44:13','2025-11-17 09:44:13'),(8,4,'PHAM THI THUY NGAN','12345678910','TPB','/uploads/QRs/thuy-nganpham/QR_691aef04dd8390.12470732_download.jpg','2025-11-17 09:46:44','2025-11-17 09:46:44'),(13,5,'NGUYEN HONG PHONG','1231123464','VCB','/uploads/QRs/nguyenthanh-hieu/QR_691bf8822fabc3.53335949_illustration.png','2025-11-18 04:39:30','2025-11-18 04:39:30'),(14,7,'NGUYEN THỊ TẸT','123131231321313','ACB','/uploads/QRs/trungnguyen/QR_6923e2bcd427b4.56484927_534836160_762788869861987_1088223343079877207_n.jpg','2025-11-24 04:44:44','2025-11-24 04:44:44'),(15,7,'PHAM THI THUY NGAN','0326526264','MB','/uploads/QRs/trungnguyen/QR_6923eff6e24e98.57329971_2-removebg-preview.png','2025-11-24 05:41:10','2025-11-24 05:41:10'),(16,8,'VO HOANG LONG','123456789012','ACB','/uploads/QRs/hoang-longvo/QR_69257a29e7af28.30073010_ACB-VO_HOANG_LONG-123456789012.png','2025-11-25 09:43:05','2025-11-25 09:43:05'),(17,9,'LE PHUONG THAO','987654321001','TPB','/uploads/QRs/phuong-thaole/QR_69257cf2576de7.50236709_TPB-LE_PHUONG_THAO-987654321001.png','2025-11-25 09:54:58','2025-11-25 09:54:58'),(18,11,'TO DUC THINH','889900112233','VCB','/uploads/QRs/duc-thinhto/QR_6925b225911311.34852226_VCB-TO_DUC_THINH-889900112233.png','2025-11-25 13:41:57','2025-11-25 13:41:57'),(19,13,'NGUYEN MINH ANH','001234567890','VCB','/uploads/QRs/minh-anhnguyen/QR_692c48f2e7e3b3.63295962_VCB-NGUYEN_MINH_ANH-001234567890.png','2025-11-30 13:38:58','2025-11-30 13:38:58'),(20,14,'DANG THANH TUAN','564738291011','ACB','/uploads/QRs/thanh-tuandang/QR_692c4d57ce4726.94583117_ACB-DANG_THANH_TUAN-564738291011.png','2025-11-30 13:57:43','2025-11-30 13:57:43'),(21,16,'Y KYLY MLÔ','0932904209','MB','/uploads/QRs/ymlo/QR_69380b5c45c4d2.11010212_4bdf6d3633a4360fd32df2332c34507a.jpg','2025-12-09 11:43:24','2025-12-09 11:43:24'),(22,17,'Y KYLY MLÔ','982392839283','TPB','/uploads/QRs/kyly-mloy/QR_69380fbbdc3a62.67402420_99a6cf75e0aab597efa66092a141f66f.jpg','2025-12-09 12:02:03','2025-12-09 12:02:03'),(23,19,'Y KYLY MLÔ','982392839283','MB','/uploads/QRs/kyly-mloy/QR_69381b73590e25.61907118_00d6da533d128428cdbceddccdbc181c.jpg','2025-12-09 12:52:03','2025-12-09 12:52:03'),(24,29,'0908070605','090890987890123','VCB','/uploads/QRs/novewa4083-naqulu-comnovewa4083-naqulu-com/QR_6938392f9908f9.14360494_OIP.webp','2025-12-09 14:58:55','2025-12-09 14:58:55'),(25,30,'0908070605','0908070605','ACB','/uploads/QRs/test12test12/QR_69383a109ace48.11365340_OIP.webp','2025-12-09 15:02:40','2025-12-09 15:02:40'),(26,31,'Y KYLY MLÔ','982392839283','VCB','/uploads/QRs/ymlo/QR_69383eacabafe0.01296521_3fedb2d887593f77c5ab4127e24000b8.jpg','2025-12-09 15:22:20','2025-12-09 15:22:20'),(27,33,'0908070605','0908070605','VCB','/uploads/QRs/test13test13/QR_6938432e7e7737.26334533_Screenshot_2025-12-09_223411.png','2025-12-09 15:41:34','2025-12-09 15:41:34'),(28,10,'TRAN QUOC HUY','5466666662646','VCB','/uploads/QRs/quoc-huytran/QR_693845ee364527.44739073_A__nh_chu__p_ma__n_hi__nh_2025-11-24_015442.png','2025-12-09 15:53:18','2025-12-09 15:53:18'),(29,34,'CDSGDFSGDF','1256987412','TPB','/uploads/QRs/gdfgdfgdfcdsgdfsgdf/QR_693856622c1f45.32383344_A__nh_chu__p_ma__n_hi__nh_2025-11-24_015442.png','2025-12-09 17:03:30','2025-12-09 17:03:30');
/*!40000 ALTER TABLE `information_payments` ENABLE KEYS */;
UNLOCK TABLES;

--
-- Table structure for table `providers`
--

DROP TABLE IF EXISTS `providers`;
/*!40101 SET @saved_cs_client     = @@character_set_client */;
/*!50503 SET character_set_client = utf8mb4 */;
CREATE TABLE `providers` (
  `id` int unsigned NOT NULL AUTO_INCREMENT,
  `user_id` int unsigned NOT NULL,
  `name` varchar(255) CHARACTER SET utf8mb4 COLLATE utf8mb4_unicode_ci NOT NULL,
  `logo_url` varchar(255) CHARACTER SET utf8mb4 COLLATE utf8mb4_unicode_ci DEFAULT NULL,
  `description` text CHARACTER SET utf8mb4 COLLATE utf8mb4_unicode_ci,
  `email` varchar(150) CHARACTER SET utf8mb4 COLLATE utf8mb4_unicode_ci NOT NULL,
  `phone_number` varchar(10) CHARACTER SET utf8mb4 COLLATE utf8mb4_unicode_ci DEFAULT NULL,
  `address` varchar(255) CHARACTER SET utf8mb4 COLLATE utf8mb4_unicode_ci DEFAULT NULL,
  `province_id` int unsigned DEFAULT NULL,
  `average_rates` decimal(10,2) DEFAULT NULL,
  `rating_count` int unsigned NOT NULL DEFAULT '0',
  `verified_at` timestamp NULL DEFAULT NULL,
  `created_at` timestamp NULL DEFAULT NULL,
  `updated_at` timestamp NULL DEFAULT NULL,
  PRIMARY KEY (`id`),
  UNIQUE KEY `providers_user_id_unique` (`user_id`)
) ENGINE=InnoDB AUTO_INCREMENT=25 DEFAULT CHARSET=utf8mb4 COLLATE=utf8mb4_unicode_ci;
/*!40101 SET character_set_client = @saved_cs_client */;

--
-- Dumping data for table `providers`
--

LOCK TABLES `providers` WRITE;
/*!40000 ALTER TABLE `providers` DISABLE KEYS */;
INSERT INTO `providers` VALUES (13,3,'A Po thương mại','/uploads/providers/a-po-thuong-mai/provider_691aee6d08f662.77508200_Screenshot_2025-04-24_171602.png','Doanh nghiệp chúng tôi là 1 doanh nghiệp cung cấp dịch vụ về thuê xe','thanhhang@abc','0123456789','79 Hồ CHí Minh',15,NULL,0,'2025-11-21 09:19:17','2025-11-17 09:44:12','2025-11-21 09:19:17'),(14,4,'Công ty cổ phần 1 thành viên','/uploads/providers/cong-ty-co-phan-1-thanh-vien/provider_691aef04ccdba8.85948081_place-icon.png','Doanh nghiệp hiện tại cung cấp phương tiện và dịch vụ cho ngời dùng có 102','gideonzz246@gmail.com','0123654799','Phú Yên, Lạng Sơn',11,NULL,0,'2025-11-22 11:47:08','2025-11-17 09:46:44','2025-11-22 11:47:08'),(18,7,'A Trung','/uploads/providers/a-trung/provider_6923e2bcbc3f22.48437211_White_and_Yellow_India_Travel_Vlog_YouTube_Thumbnail.png','thanhhang@abc','','1234567898','79 Tân Phú',16,NULL,0,'2025-12-09 12:12:26','2025-11-24 04:44:44','2025-12-09 12:12:26'),(21,13,'SkyRide Travel Co.','/uploads/providers/skyride-travel-co/provider_692c48f2d3c3e5.32346549_supawork-24837e0afa294697b7d918d692a269af.jpeg','Dịch vụ cho thuê xe du lịch 4–45 chỗ chuyên tuyến Hà Nội đi các tỉnh phía Bắc. Cam kết chất lượng xe mới, tài xế chuyên nghiệp.','karanguyen6605@gmail.com','0901234888','25 Nguyễn Văn Cừ',12,NULL,0,'2025-11-30 14:22:55','2025-11-30 13:38:58','2025-11-30 14:22:55'),(22,16,'Nhà xe rẻ','/uploads/providers/nha-xe-re/provider_69380b5c26a424.89187863_00d6da533d128428cdbceddccdbc181c.jpg','doanh nghiep moi','nhaxere@gmail.com','0392646146','Buôn M\'oa Xã Cư Huê Huyện EaKar Tỉnh Đăk Lăk',7,NULL,0,NULL,'2025-12-09 11:43:24','2025-12-09 11:43:24'),(24,19,'Xe máy rẻ','/uploads/providers/xe-may-re/provider_69381b73401191.41273041_64a474899bca076cf4e0b807db35f02e.jpg','hihihi','ykylymlo@gmail.com','0392646146','Ngo May',11,NULL,0,'2025-12-09 12:53:45','2025-12-09 12:52:03','2025-12-09 12:53:45');
/*!40000 ALTER TABLE `providers` ENABLE KEYS */;
UNLOCK TABLES;

--
-- Table structure for table `province_images`
--

DROP TABLE IF EXISTS `province_images`;
/*!40101 SET @saved_cs_client     = @@character_set_client */;
/*!50503 SET character_set_client = utf8mb4 */;
CREATE TABLE `province_images` (
  `id` int unsigned NOT NULL AUTO_INCREMENT,
  `province_id` int unsigned NOT NULL,
  `url` varchar(255) CHARACTER SET utf8mb4 COLLATE utf8mb4_unicode_ci NOT NULL,
  `publicUrl` varchar(255) CHARACTER SET utf8mb4 COLLATE utf8mb4_unicode_ci DEFAULT NULL,
  `created_at` timestamp NULL DEFAULT NULL,
  `updated_at` timestamp NULL DEFAULT NULL,
  PRIMARY KEY (`id`),
  KEY `province_images_province_id_foreign` (`province_id`),
  CONSTRAINT `province_images_province_id_foreign` FOREIGN KEY (`province_id`) REFERENCES `provinces` (`id`) ON DELETE CASCADE
) ENGINE=InnoDB AUTO_INCREMENT=61 DEFAULT CHARSET=utf8mb4 COLLATE=utf8mb4_unicode_ci;
/*!40101 SET character_set_client = @saved_cs_client */;

--
-- Dumping data for table `province_images`
--

LOCK TABLES `province_images` WRITE;
/*!40000 ALTER TABLE `province_images` DISABLE KEYS */;
INSERT INTO `province_images` VALUES (1,1,'/uploads/provinces/an-giang/province_68f3aced017187.16611289_an-giang-3.png','an-giang-3.png','2025-10-18 15:06:21','2025-10-18 15:06:21'),(2,1,'/uploads/provinces/an-giang/province_68f3aced1967c7.08573124_an-giang-2.jpg','an-giang-2.jpg','2025-10-18 15:06:21','2025-10-18 15:06:21'),(3,1,'/uploads/provinces/an-giang/province_68f3aced256f40.45934556_an-giang-1.jpg','an-giang-1.jpg','2025-10-18 15:06:21','2025-10-18 15:06:21'),(4,2,'/uploads/provinces/bac-ninh/province_68f3ad471b6531.22595087_bac-ninh-1-16077848708512064768942.jpg','bac-ninh-1-16077848708512064768942.jpg','2025-10-18 15:07:51','2025-10-18 15:07:51'),(5,2,'/uploads/provinces/bac-ninh/province_68f3ad472ce0d3.80455388_image-20200714225347-1.jpg','image-20200714225347-1.jpg','2025-10-18 15:07:51','2025-10-18 15:07:51'),(6,2,'/uploads/provinces/bac-ninh/province_68f3ad47480ab5.09200974_44d69adc-du-lich-bac-ninh-24.jpg','44d69adc-du-lich-bac-ninh-24.jpg','2025-10-18 15:07:51','2025-10-18 15:07:51'),(7,3,'/uploads/provinces/ca-mau/province_68f3adbeb70622.86873079_c__-mau2.jpg','c??-mau2.jpg','2025-10-18 15:09:51','2025-10-18 15:09:51'),(8,3,'/uploads/provinces/ca-mau/province_68f3adbed92c77.76033543_7C-1.jpg','7C-1.jpg','2025-10-18 15:09:51','2025-10-18 15:09:51'),(9,3,'/uploads/provinces/ca-mau/province_68f3adbeeac1f8.20467011_1737958354_muicamau-.jpg','1737958354_muicamau-.jpg','2025-10-18 15:09:51','2025-10-18 15:09:51'),(10,4,'/uploads/provinces/can-tho/province_68f3ae44e16945.03703688_download__2_.jpg','download (2).jpg','2025-10-18 15:12:05','2025-10-18 15:12:05'),(11,4,'/uploads/provinces/can-tho/province_68f3ae44f1cb87.97572118_download__1_.jpg','download (1).jpg','2025-10-18 15:12:05','2025-10-18 15:12:05'),(12,4,'/uploads/provinces/can-tho/province_68f3ae450878a5.92585839_download.jpg','download.jpg','2025-10-18 15:12:05','2025-10-18 15:12:05'),(13,5,'/uploads/provinces/cao-bang/province_68f3af021f81e1.66252542_du-lich-cao-bang-cam-nang-du-lich-va-18-dia-diem-nen-den-nhat-202305051452598981.jpg','du-lich-cao-bang-cam-nang-du-lich-va-18-dia-diem-nen-den-nhat-202305051452598981.jpg','2025-10-18 15:15:14','2025-10-18 15:15:14'),(14,5,'/uploads/provinces/cao-bang/province_68f3af023921b8.27022886_1.jpg','1.jpg','2025-10-18 15:15:14','2025-10-18 15:15:14'),(15,5,'/uploads/provinces/cao-bang/province_68f3af02484ae9.09007856_du-lich-cao-bang-ivivu-1.jpg','du-lich-cao-bang-ivivu-1.jpg','2025-10-18 15:15:14','2025-10-18 15:15:14'),(16,6,'/uploads/provinces/da-nang/province_68f3af5e3f7926.40587645_images.jpg','images.jpg','2025-10-18 15:16:46','2025-10-18 15:16:46'),(17,6,'/uploads/provinces/da-nang/province_68f3af5e4bcc37.55919266_download.jpg','download.jpg','2025-10-18 15:16:46','2025-10-18 15:16:46'),(18,6,'/uploads/provinces/da-nang/province_68f3af5e547086.96649837_download__3_.jpg','download (3).jpg','2025-10-18 15:16:46','2025-10-18 15:16:46'),(19,7,'/uploads/provinces/dak-lak/province_68f3afb5d622b9.43469631_images.jpg','images.jpg','2025-10-18 15:18:14','2025-10-18 15:18:14'),(20,7,'/uploads/provinces/dak-lak/province_68f3afb5f162a8.02094681_download.jpg','download.jpg','2025-10-18 15:18:14','2025-10-18 15:18:14'),(21,7,'/uploads/provinces/dak-lak/province_68f3afb60b4bb4.86372628_download__1_.jpg','download (1).jpg','2025-10-18 15:18:14','2025-10-18 15:18:14'),(22,8,'/uploads/provinces/dien-bien/province_68f3b0069de302.78007957_download__1_.jpg','download (1).jpg','2025-10-18 15:19:34','2025-10-18 15:19:34'),(23,8,'/uploads/provinces/dien-bien/province_68f3b006aff911.40903492_download.jpg','download.jpg','2025-10-18 15:19:34','2025-10-18 15:19:34'),(24,8,'/uploads/provinces/dien-bien/province_68f3b006be1555.30713157_download__2_.jpg','download (2).jpg','2025-10-18 15:19:34','2025-10-18 15:19:34'),(25,9,'/uploads/provinces/dong-nai/province_68f3b07f514559.90165532_download__1_.jpg','download (1).jpg','2025-10-18 15:21:35','2025-10-18 15:21:35'),(26,9,'/uploads/provinces/dong-nai/province_68f3b07f5c4c06.96717414_download.jpg','download.jpg','2025-10-18 15:21:35','2025-10-18 15:21:35'),(27,9,'/uploads/provinces/dong-nai/province_68f3b07f650b16.70601006_download__4_.jpg','download (4).jpg','2025-10-18 15:21:35','2025-10-18 15:21:35'),(28,10,'/uploads/provinces/dong-thap/province_68f3b0afabfe84.96662974_download__1_.jpg','download (1).jpg','2025-10-18 15:22:23','2025-10-18 15:22:23'),(29,10,'/uploads/provinces/dong-thap/province_68f3b0afbd96f4.05822191_download.jpg','download.jpg','2025-10-18 15:22:23','2025-10-18 15:22:23'),(30,10,'/uploads/provinces/dong-thap/province_68f3b0afd173b7.19602025_download__2_.jpg','download (2).jpg','2025-10-18 15:22:23','2025-10-18 15:22:23'),(31,11,'/uploads/provinces/gia-lai/province_68f3b0e72ff199.86695579_download__1_.jpg','download (1).jpg','2025-10-18 15:23:19','2025-10-18 15:23:19'),(32,11,'/uploads/provinces/gia-lai/province_68f3b0e73da3e9.19899296_download.jpg','download.jpg','2025-10-18 15:23:19','2025-10-18 15:23:19'),(33,11,'/uploads/provinces/gia-lai/province_68f3b0e74800b3.71964270_download__3_.jpg','download (3).jpg','2025-10-18 15:23:19','2025-10-18 15:23:19'),(34,12,'/uploads/provinces/ha-noi/province_68f3b163d9e800.47941628_images.jpg','images.jpg','2025-10-18 15:25:24','2025-10-18 15:25:24'),(35,12,'/uploads/provinces/ha-noi/province_68f3b163ef7cc1.36246898_download__1_.jpg','download (1).jpg','2025-10-18 15:25:24','2025-10-18 15:25:24'),(36,12,'/uploads/provinces/ha-noi/province_68f3b1640b7822.93758954_download.jpg','download.jpg','2025-10-18 15:25:24','2025-10-18 15:25:24'),(37,13,'/uploads/provinces/ha-tinh/province_68f3b1a1845829.96894592_images.jpg','images.jpg','2025-10-18 15:26:25','2025-10-18 15:26:25'),(38,13,'/uploads/provinces/ha-tinh/province_68f3b1a1925192.37891024_download.jpg','download.jpg','2025-10-18 15:26:25','2025-10-18 15:26:25'),(39,13,'/uploads/provinces/ha-tinh/province_68f3b1a19ac997.78958376_download__2_.jpg','download (2).jpg','2025-10-18 15:26:25','2025-10-18 15:26:25'),(40,14,'/uploads/provinces/hai-phong/province_68f3b1d59a01c3.06731740_download__2_.jpg','download (2).jpg','2025-10-18 15:27:17','2025-10-18 15:27:17'),(41,14,'/uploads/provinces/hai-phong/province_68f3b1d5a52274.42605686_download.jpg','download.jpg','2025-10-18 15:27:17','2025-10-18 15:27:17'),(42,14,'/uploads/provinces/hai-phong/province_68f3b1d5b2bbf8.62371780_download__1_.jpg','download (1).jpg','2025-10-18 15:27:17','2025-10-18 15:27:17'),(43,15,'/uploads/provinces/ho-chi-minh/province_68f3b267ab8951.10402278_download__1_.jpg','download (1).jpg','2025-10-18 15:29:43','2025-10-18 15:29:43'),(44,15,'/uploads/provinces/ho-chi-minh/province_68f3b267c19526.39984731_download.jpg','download.jpg','2025-10-18 15:29:43','2025-10-18 15:29:43'),(45,15,'/uploads/provinces/ho-chi-minh/province_68f3b267cf6572.37607170_download__3_.jpg','download (3).jpg','2025-10-18 15:29:43','2025-10-18 15:29:43'),(46,16,'/uploads/provinces/hue/province_68f3b29c0d3296.11720666_download__1_.jpg','download (1).jpg','2025-10-18 15:30:36','2025-10-18 15:30:36'),(47,16,'/uploads/provinces/hue/province_68f3b29c1c2973.82431739_download.jpg','download.jpg','2025-10-18 15:30:36','2025-10-18 15:30:36'),(48,16,'/uploads/provinces/hue/province_68f3b29c241886.41328638_download__2_.jpg','download (2).jpg','2025-10-18 15:30:36','2025-10-18 15:30:36'),(49,17,'/uploads/provinces/hung-yen/province_68f3b2cc829539.94581831_download__1_.jpg','download (1).jpg','2025-10-18 15:31:24','2025-10-18 15:31:24'),(50,17,'/uploads/provinces/hung-yen/province_68f3b2cc8b45b8.87848900_download.jpg','download.jpg','2025-10-18 15:31:24','2025-10-18 15:31:24'),(51,17,'/uploads/provinces/hung-yen/province_68f3b2cc98f909.33052999_download__3_.jpg','download (3).jpg','2025-10-18 15:31:24','2025-10-18 15:31:24'),(52,18,'/uploads/provinces/khanh-hoa/province_68f3b2fbb40ab3.94803740_download__1_.jpg','download (1).jpg','2025-10-18 15:32:11','2025-10-18 15:32:11'),(53,18,'/uploads/provinces/khanh-hoa/province_68f3b2fbc12fa9.29063590_download.jpg','download.jpg','2025-10-18 15:32:11','2025-10-18 15:32:11'),(54,18,'/uploads/provinces/khanh-hoa/province_68f3b2fbc9c2a6.11586965_download__2_.jpg','download (2).jpg','2025-10-18 15:32:11','2025-10-18 15:32:11'),(55,19,'/uploads/provinces/lai-chau/province_68f3b342599b26.96098952_download.jpg','download.jpg','2025-10-18 15:33:22','2025-10-18 15:33:22'),(56,19,'/uploads/provinces/lai-chau/province_68f3b3426adda7.56521137_dia-diem-du-lich-lai-chau_1755228424.jpg','dia-diem-du-lich-lai-chau_1755228424.jpg','2025-10-18 15:33:22','2025-10-18 15:33:22'),(57,19,'/uploads/provinces/lai-chau/province_68f3b34279d3e8.17817221_top-10-dia-diem-du-lich-lai-chau.jpg','top-10-dia-diem-du-lich-lai-chau.jpg','2025-10-18 15:33:22','2025-10-18 15:33:22'),(58,20,'/uploads/provinces/lam-dong/province_68f3b39c8f8c30.59793183_images.jpg','images.jpg','2025-10-18 15:34:52','2025-10-18 15:34:52'),(59,20,'/uploads/provinces/lam-dong/province_68f3b39c967276.94159883_download.jpg','download.jpg','2025-10-18 15:34:52','2025-10-18 15:34:52'),(60,20,'/uploads/provinces/lam-dong/province_68f3b39c9c15f1.96677257_download__1_.jpg','download (1).jpg','2025-10-18 15:34:52','2025-10-18 15:34:52');
/*!40000 ALTER TABLE `province_images` ENABLE KEYS */;
UNLOCK TABLES;

--
-- Table structure for table `province_ratings`
--

DROP TABLE IF EXISTS `province_ratings`;
/*!40101 SET @saved_cs_client     = @@character_set_client */;
/*!50503 SET character_set_client = utf8mb4 */;
CREATE TABLE `province_ratings` (
  `id` int unsigned NOT NULL AUTO_INCREMENT,
  `province_id` int unsigned NOT NULL,
  `open_time` time DEFAULT NULL,
  `close_time` time DEFAULT NULL,
  `average_rating` decimal(3,2) NOT NULL DEFAULT '0.00',
  `total_rates` int unsigned NOT NULL DEFAULT '0',
  `price_from` decimal(12,2) DEFAULT NULL,
  `price_to` decimal(12,2) DEFAULT NULL,
  `created_at` timestamp NULL DEFAULT NULL,
  `updated_at` timestamp NULL DEFAULT NULL,
  PRIMARY KEY (`id`)
) ENGINE=InnoDB DEFAULT CHARSET=utf8mb4 COLLATE=utf8mb4_unicode_ci;
/*!40101 SET character_set_client = @saved_cs_client */;

--
-- Dumping data for table `province_ratings`
--

LOCK TABLES `province_ratings` WRITE;
/*!40000 ALTER TABLE `province_ratings` DISABLE KEYS */;
/*!40000 ALTER TABLE `province_ratings` ENABLE KEYS */;
UNLOCK TABLES;

--
-- Table structure for table `provinces`
--

DROP TABLE IF EXISTS `provinces`;
/*!40101 SET @saved_cs_client     = @@character_set_client */;
/*!50503 SET character_set_client = utf8mb4 */;
CREATE TABLE `provinces` (
  `id` int unsigned NOT NULL AUTO_INCREMENT,
  `code` char(2) CHARACTER SET utf8mb4 COLLATE utf8mb4_unicode_ci NOT NULL,
  `name` varchar(255) CHARACTER SET utf8mb4 COLLATE utf8mb4_unicode_ci NOT NULL,
  `type` varchar(255) CHARACTER SET utf8mb4 COLLATE utf8mb4_unicode_ci DEFAULT NULL,
  `description` text CHARACTER SET utf8mb4 COLLATE utf8mb4_unicode_ci,
  `created_at` timestamp NOT NULL DEFAULT CURRENT_TIMESTAMP,
  `updated_at` timestamp NOT NULL DEFAULT CURRENT_TIMESTAMP ON UPDATE CURRENT_TIMESTAMP,
  PRIMARY KEY (`id`),
  UNIQUE KEY `provinces_code_unique` (`code`)
) ENGINE=InnoDB AUTO_INCREMENT=21 DEFAULT CHARSET=utf8mb4 COLLATE=utf8mb4_unicode_ci;
/*!40101 SET character_set_client = @saved_cs_client */;

--
-- Dumping data for table `provinces`
--

LOCK TABLES `provinces` WRITE;
/*!40000 ALTER TABLE `provinces` DISABLE KEYS */;
INSERT INTO `provinces` VALUES (1,'91','An Giang','Tỉnh','Núi Cấm, rừng tràm Trà Sư, chợ Châu Đốc và văn hoá Chăm độc đáo. Cảnh quan núi non xen lẫn sông nước tạo nên nét riêng. An Giang là điểm đến không thể bỏ qua của miền Tây.','2025-10-18 15:06:19','2025-11-25 09:31:32'),(2,'24','Bắc Ninh','Tỉnh','Cái nôi của dân ca Quan họ – di sản văn hoá phi vật thể UNESCO, cùng nhiều làng nghề truyền thống. Du khách còn có thể khám phá đền chùa cổ kính. Bắc Ninh mang đậm nét văn hóa Bắc Bộ.','2025-10-18 15:07:50','2025-11-25 09:31:32'),(3,'96','Cà Mau','Tỉnh','Cực Nam Tổ Quốc với Mũi Cà Mau – nơi đất trời giao hòa. Rừng U Minh và hệ sinh thái ngập mặn độc đáo. Cà Mau mang vẻ đẹp hoang sơ và đậm chất miền Tây.','2025-10-18 15:09:50','2025-11-25 09:31:32'),(4,'92','Cần Thơ','Thành phố trực thuộc TW','Thành phố trung tâm vùng Tây Nam Bộ, nổi tiếng với chợ nổi Cái Răng và bến Ninh Kiều. Con người thân thiện và ẩm thực phong phú. Cần Thơ mang vẻ đẹp hiện đại nhưng vẫn đậm chất miền Tây.','2025-10-18 15:12:04','2025-11-25 09:31:33'),(5,'04','Cao Bằng','Tỉnh','Nổi tiếng với thác Bản Giốc – một trong những thác nước đẹp nhất thế giới và khu di tích Pác Bó lịch sử. Phong cảnh núi non xanh mát cùng hồ Thang Hen quyến rũ du khách. Cao Bằng là điểm đến hoàn hảo cho du lịch sinh thái và khám phá thiên nhiên.','2025-10-18 15:15:13','2025-11-25 09:31:32'),(6,'48','Đà Nẵng','Thành phố trực thuộc TW','Thành phố đáng sống với biển Mỹ Khê, Bà Nà Hills và Cầu Vàng nổi tiếng. Đà Nẵng sạch đẹp, hiện đại và thân thiện. Là điểm trung chuyển tuyệt vời đến Hội An và Huế.','2025-10-18 15:16:45','2025-11-25 09:31:33'),(7,'66','Đắk Lắk','Tỉnh','Thủ phủ cà phê Buôn Ma Thuột, nổi tiếng với hồ Lắk và Buôn Đôn. Du khách có thể trải nghiệm văn hóa Tây Nguyên đậm đà. Đắk Lắk mang nét đẹp nguyên bản.','2025-10-18 15:18:13','2025-11-25 09:31:32'),(8,'11','Điện Biên','Tỉnh','Vùng đất lịch sử gắn liền với chiến thắng Điện Biên Phủ lừng lẫy năm châu. Cảnh quang hùng vĩ với ruộng bậc thang và bản Mông, Thái đầy màu sắc văn hoá. Điện Biên thích hợp cho những ai yêu thích du lịch lịch sử kết hợp khám phá thiên nhiên.','2025-10-18 15:19:34','2025-11-25 09:31:32'),(9,'75','Đồng Nai','Tỉnh','Vườn quốc gia Nam Cát Tiên là thiên đường thiên nhiên với hàng trăm loài động thực vật quý hiếm. Thác Giang Điền và nhiều khu du lịch sinh thái hấp dẫn. Đồng Nai mang vẻ đẹp mộc mạc và xanh mát.','2025-10-18 15:21:34','2025-11-25 09:31:32'),(10,'82','Đồng Tháp','Tỉnh','Đất sen hồng với làng hoa Sa Đéc, vườn quốc gia Tràm Chim và cảnh quan đồng sen đẹp mê mẩn. Con người chân chất và mến khách. Đồng Tháp là điểm đến đậm chất miệt vườn.','2025-10-18 15:22:23','2025-11-25 09:31:32'),(11,'52','Gia Lai','Tỉnh','Pleiku đẹp như tranh với Biển Hồ – “đôi mắt Pleiku” xanh biếc. Văn hóa người Jarai độc đáo tạo nên nét riêng. Gia Lai thích hợp cho du lịch hoang sơ.','2025-10-18 15:23:18','2025-11-25 09:31:32'),(12,'01','Hà Nội','Thành phố trực thuộc TW','Thủ đô nghìn năm văn hiến, nổi tiếng với phố cổ, Hồ Gươm, Văn Miếu, Hoàng Thành Thăng Long, cùng ẩm thực đường phố đặc sắc như phở, bún chả, bánh cuốn. Hà Nội là điểm đến hội tụ văn hóa – lịch sử lâu đời, hấp dẫn du khách trong và ngoài nước.','2025-10-18 15:25:23','2025-11-25 09:31:33'),(13,'42','Hà Tĩnh','Tỉnh','Biển Thiên Cầm yên bình với gió nhẹ và làn nước trong xanh. Nhiều địa danh văn hoá như chùa Hương Tích và núi Hồng Lĩnh. Hà Tĩnh thích hợp cho du lịch nghỉ dưỡng và tâm linh.','2025-10-18 15:26:25','2025-11-25 09:31:32'),(14,'31','Hải Phòng','Thành phố trực thuộc TW','Thành phố hoa phượng đỏ, sôi động với cảng biển lớn nhất miền Bắc. Đảo Cát Bà và vịnh Lan Hạ là những điểm du lịch biển nổi tiếng. Hải Phòng còn có ẩm thực đặc sắc như bánh đa cua, nem cua bể.','2025-10-18 15:27:17','2025-11-25 09:31:33'),(15,'79','TP. Hồ Chí Minh','Thành phố trực thuộc TW','Thành phố năng động, sầm uất với các trung tâm thương mại, phố đi bộ và những điểm vui chơi hiện đại. Ẩm thực đa dạng từ truyền thống đến quốc tế. TP.HCM là trái tim kinh tế và văn hóa phía Nam.','2025-10-18 15:29:43','2025-11-25 09:31:33'),(16,'46','Thừa Thiên - Huế','Tỉnh','Cố đô Huế với quần thể di tích triều Nguyễn, nhã nhạc cung đình và sông Hương thơ mộng. Ẩm thực Huế tinh tế và đa dạng. Huế mang vẻ đẹp cổ kính và rất thơ.','2025-10-18 15:30:35','2025-11-25 09:31:33'),(17,'33','Hưng Yên','Tỉnh','Miền đất phố Hiến cổ kính từng là thương cảng sầm uất. Nhãn lồng Hưng Yên trứ danh. Du khách đến đây sẽ thích thú với không gian làng quê Bắc Bộ yên bình.','2025-10-18 15:31:24','2025-11-25 09:31:32'),(18,'56','Khánh Hòa','Tỉnh','Nha Trang – thành phố biển nổi tiếng với làn nước xanh, cát trắng và nhiều hoạt động giải trí. Các đảo như Vinpearl, Hòn Mun rất đẹp. Khánh Hòa là thiên đường nghỉ dưỡng.','2025-10-18 15:32:11','2025-11-25 09:31:32'),(19,'12','Lai Châu','Tỉnh','Nơi dành cho dân phượt với đèo Ô Quy Hồ, các dãy núi cao và bản làng nguyên sơ. Khí hậu trong lành, cảnh sắc hoang dã đầy mê hoặc. Lai Châu là điểm đến còn giữ được vẻ đẹp tự nhiên ít bị tác động.','2025-10-18 15:33:22','2025-11-25 09:31:33'),(20,'68','Lâm Đồng','Tỉnh','Đà Lạt – thành phố ngàn hoa với khí hậu mát lạnh quanh năm, hồ Tuyền Lâm và thung lũng Tình Yêu thơ mộng. Nơi đây là thiên đường nghỉ dưỡng. Lâm Đồng luôn khiến du khách muốn quay lại.','2025-10-18 15:34:52','2025-11-25 09:31:33');
/*!40000 ALTER TABLE `provinces` ENABLE KEYS */;
UNLOCK TABLES;

--
-- Table structure for table `roles`
--

DROP TABLE IF EXISTS `roles`;
/*!40101 SET @saved_cs_client     = @@character_set_client */;
/*!50503 SET character_set_client = utf8mb4 */;
CREATE TABLE `roles` (
  `id` int unsigned NOT NULL,
  `name` varchar(50) CHARACTER SET utf8mb4 COLLATE utf8mb4_unicode_ci NOT NULL,
  `description` varchar(255) CHARACTER SET utf8mb4 COLLATE utf8mb4_unicode_ci DEFAULT NULL,
  `created_at` timestamp NOT NULL DEFAULT CURRENT_TIMESTAMP,
  PRIMARY KEY (`id`)
) ENGINE=InnoDB DEFAULT CHARSET=utf8mb4 COLLATE=utf8mb4_unicode_ci;
/*!40101 SET character_set_client = @saved_cs_client */;

--
-- Dumping data for table `roles`
--

LOCK TABLES `roles` WRITE;
/*!40000 ALTER TABLE `roles` DISABLE KEYS */;
INSERT INTO `roles` VALUES (1,'admin','Quản trị viên hệ thống','2025-11-10 09:25:39'),(2,'provider','Nhà cung cấp xe','2025-11-10 09:25:39'),(3,'driver','Tài xế','2025-11-10 09:25:39'),(4,'user','Người dùng thông thường','2025-11-10 09:25:39');
/*!40000 ALTER TABLE `roles` ENABLE KEYS */;
UNLOCK TABLES;

--
-- Table structure for table `routes`
--

DROP TABLE IF EXISTS `routes`;
/*!40101 SET @saved_cs_client     = @@character_set_client */;
/*!50503 SET character_set_client = utf8mb4 */;
CREATE TABLE `routes` (
  `id` int unsigned NOT NULL AUTO_INCREMENT,
  `from_location_code` varchar(50) CHARACTER SET utf8mb4 COLLATE utf8mb4_unicode_ci NOT NULL,
  `destination_code` varchar(50) CHARACTER SET utf8mb4 COLLATE utf8mb4_unicode_ci NOT NULL,
  `name` varchar(255) CHARACTER SET utf8mb4 COLLATE utf8mb4_unicode_ci NOT NULL,
  `distance_km` int unsigned DEFAULT NULL,
  `duration_min` int unsigned DEFAULT NULL,
  `created_at` timestamp NULL DEFAULT NULL,
  `updated_at` timestamp NULL DEFAULT NULL,
  PRIMARY KEY (`id`)
) ENGINE=InnoDB AUTO_INCREMENT=193 DEFAULT CHARSET=utf8mb4 COLLATE=utf8mb4_unicode_ci;
/*!40101 SET character_set_client = @saved_cs_client */;

--
-- Dumping data for table `routes`
--

LOCK TABLES `routes` WRITE;
/*!40000 ALTER TABLE `routes` DISABLE KEYS */;
INSERT INTO `routes` VALUES (1,'91','24','Đường cao tốc Bắc Nam phía Đông',1902,1740,'2025-11-12 05:03:00','2025-11-12 05:03:01'),(2,'91','96','Đường xuyên Á',199,287,'2025-11-12 07:22:38','2025-11-12 07:22:39'),(3,'91','92','Quốc lộ 91',91,192,'2025-11-12 07:25:44','2025-11-12 07:25:45'),(4,'91','04','cao tốc 01',2143,2100,'2025-11-12 07:29:32','2025-11-12 07:29:32'),(5,'91','48','cao tốc 01',1142,1126,'2025-11-12 07:31:35','2025-11-12 07:31:36'),(6,'91','66','quốc lộ 14',589,755,'2025-11-12 07:34:26','2025-11-12 07:34:26'),(7,'91','11','cao tốc 01',2261,2340,'2025-11-12 07:35:53','2025-11-12 07:35:53'),(8,'91','75','cao tốc Bắc - Nam phía Đông',318,395,'2025-11-12 07:37:49','2025-11-12 07:37:49'),(9,'91','82','quốc lộ 91',103,138,'2025-11-12 07:39:16','2025-11-12 07:39:16'),(10,'91','52','cao tốc Bắc - Nam phía Đông',878,915,'2025-11-12 07:42:06','2025-11-12 07:42:06'),(11,'91','01','tuyến đường 13',1564,1740,'2025-11-12 07:44:17','2025-11-12 07:44:17'),(12,'91','42','cao tốc 01',1293,1560,'2025-11-12 07:45:29','2025-11-12 07:45:29'),(13,'91','31','tuyến đường 13',1640,1800,'2025-11-12 07:46:57','2025-11-12 07:46:58'),(14,'91','79','cao tốc 01',229,288,'2025-11-12 07:49:06','2025-11-12 07:49:06'),(15,'91','46','xuyên Á',1020,1216,'2025-11-12 07:50:50','2025-11-12 07:50:50'),(16,'91','33','tuyến đường 13',1532,1680,'2025-11-12 07:51:52','2025-11-12 07:51:53'),(17,'91','56','cao tốc 01',625,587,'2025-11-12 07:53:19','2025-11-12 07:53:19'),(18,'91','12','cao tốc 05',1952,2040,'2025-11-12 07:54:32','2025-11-12 07:54:32'),(19,'91','68','quốc lộ 20',459,545,'2025-11-12 07:55:32','2025-11-12 07:55:33'),(20,'24','96','cao tốc Bắc - Nam phía Đông',1965,1800,'2025-11-12 07:57:46','2025-11-12 07:57:46'),(21,'24','92','cao tốc 01',1825,1620,'2025-11-12 07:59:16','2025-11-12 07:59:17'),(22,'24','04','quốc lộ 4A',242,292,'2025-11-12 08:00:26','2025-11-12 08:00:27'),(23,'24','48','cao tốc 01',769,680,'2025-11-12 08:01:34','2025-11-12 08:01:34'),(24,'24','66','cao tốc 01',1317,1289,'2025-11-12 08:02:39','2025-11-12 08:02:39'),(25,'24','11','quốc lộ 6',542,702,'2025-11-12 08:03:38','2025-11-12 08:03:39'),(26,'24','75','cao tốc 01',1630,1440,'2025-11-12 08:04:39','2025-11-12 08:04:39'),(27,'24','82',' quốc lộ AH11/NR7',1607,1680,'2025-11-12 08:06:31','2025-11-12 08:06:31'),(28,'24','52','cao tốc 01',1186,1149,'2025-11-12 08:07:30','2025-11-12 08:07:31'),(29,'24','01','quốc lộ 1A',42,66,'2025-11-12 08:09:33','2025-11-12 08:09:34'),(30,'24','42','cao tốc 01',374,321,'2025-11-12 08:10:42','2025-11-12 08:10:42'),(31,'24','31','cao tốc Hà Nội - Hải Phòng',132,116,'2025-11-12 08:11:55','2025-11-12 08:11:56'),(32,'24','79','cao tốc 01',1676,1500,'2025-11-12 08:13:04','2025-11-12 08:13:04'),(33,'24','46','cao tốc 01',688,584,'2025-11-12 08:13:53','2025-11-12 08:13:53'),(34,'24','33','cao tốc 16',76,78,'2025-11-12 08:14:49','2025-11-12 08:14:49'),(35,'24','56','cao tốc 01',1307,1247,'2025-11-12 08:16:04','2025-11-12 08:16:05'),(36,'24','12','cao tốc 05',387,404,'2025-11-12 08:17:12','2025-11-12 08:17:13'),(37,'24','68','quốc lộ 24',1523,1560,'2025-11-12 08:18:12','2025-11-12 08:18:13'),(38,'96','92','quốc lộ Quản Lộ - Phụng Hiệp',174,252,'2025-11-12 08:20:54','2025-11-12 08:20:55'),(39,'96','04','tuyến đường 212',1993,2160,'2025-11-12 08:22:19','2025-11-12 08:22:19'),(40,'96','48','quốc lộ 24',1349,1382,'2025-11-12 08:23:41','2025-11-12 08:23:41'),(41,'96','66','quốc lộ 14',650,823,'2025-11-12 08:34:20','2025-11-12 08:34:20'),(42,'96','11','cao tốc 01',2260,2340,'2025-11-12 08:35:28','2025-11-12 08:35:28'),(43,'96','75','cao tốc Bắc - Nam phía Đông',395,591,'2025-11-12 08:36:50','2025-11-12 08:36:51'),(44,'96','82','quốc lộ Quản Lộ - Phụng Hiệp',221,282,'2025-11-12 08:37:43','2025-11-12 08:37:44'),(45,'96','52','cao tốc Bắc Nam',943,964,'2025-11-12 08:38:58','2025-11-12 08:38:59'),(46,'96','01','quốc lộ AH11/NR7',1771,1860,'2025-11-12 08:40:32','2025-11-12 08:40:33'),(47,'96','42','cao tốc 01',1432,1560,'2025-11-12 08:41:36','2025-11-12 08:41:37'),(48,'96','31','tuyến đường 13',1835,1980,'2025-11-12 08:42:31','2025-11-12 08:42:32'),(49,'96','79','quốc lộ Quản Lộ - Phụng Hiệp',295,333,'2025-11-12 08:43:36','2025-11-12 08:43:37'),(50,'96','46','cao tốc Bắc - Nam',1291,1274,'2025-11-12 08:44:23','2025-11-12 08:44:24'),(51,'96','33','tuyến đường 13',1727,1920,'2025-11-12 08:45:18','2025-11-12 08:45:18'),(52,'96','56','cao tốc 01',676,645,'2025-11-12 08:46:27','2025-11-12 08:46:28'),(53,'96','12','cao tốc 05',2147,2280,'2025-11-12 08:47:26','2025-11-12 08:47:26'),(54,'96','68','quốc lộ 20',525,642,'2025-11-12 08:48:09','2025-11-12 08:48:09'),(55,'92','04','tuyến đường 13',1896,2100,'2025-11-12 08:51:17','2025-11-12 08:51:18'),(56,'92','48','cao tốc 01',1105,1080,'2025-11-12 08:52:22','2025-11-12 08:52:22'),(57,'92','66','quốc lộ 14',546,706,'2025-11-12 08:54:02','2025-11-12 08:54:02'),(58,'92','11','cao tốc AH13',2149,2220,'2025-11-12 08:56:18','2025-11-12 08:56:18'),(59,'92','75','quốc lộ N2',275,440,'2025-11-12 08:57:54','2025-11-12 08:57:54'),(60,'92','82','cao tốc Cao Lãnh - Lộ Tẻ',67,94,'2025-11-12 08:58:54','2025-11-12 08:58:55'),(61,'92','52','cao tốc Bắc - Nam',840,849,'2025-11-12 09:00:10','2025-11-12 09:00:10'),(62,'92','01','tuyến đường 13',1628,1800,'2025-11-12 09:01:27','2025-11-12 09:01:27'),(63,'92','42','cao tốc 01',1301,1423,'2025-11-12 09:02:44','2025-11-12 09:02:44'),(64,'92','31','quốc lộ AH11/NR7',1716,1740,'2025-11-12 09:04:10','2025-11-12 09:04:10'),(65,'92','79','cao tốc 02',188,293,'2025-11-12 09:05:24','2025-11-12 09:05:25'),(66,'92','46','cao tốc Bắc - Nam',1188,1168,'2025-11-12 09:06:27','2025-11-12 09:06:28'),(67,'92','33','cao tốc Bắc - Nam',1188,1168,'2025-11-12 09:07:30','2025-11-12 09:07:30'),(68,'92','56','cao tốc Bắc - Nam',572,537,'2025-11-12 09:09:18','2025-11-12 09:09:18'),(69,'92','12','cao tốc 05',2016,2100,'2025-11-12 09:10:07','2025-11-12 09:10:07'),(70,'92','68','quốc lộ 20',421,532,'2025-11-12 09:10:57','2025-11-12 09:10:57'),(71,'04','48','cao tốc 01',1010,961,'2025-11-12 09:21:13','2025-11-12 09:21:14'),(72,'04','66','cao tốc 01',1558,1560,'2025-11-12 09:22:00','2025-11-12 09:22:01'),(73,'04','11','quốc lộ 4A',722,885,'2025-11-12 09:23:37','2025-11-12 09:23:37'),(74,'04','75','quốc lộ AH11/NR7',1814,1920,'2025-11-12 09:25:01','2025-11-12 09:25:02'),(75,'04','82','quốc lộ AH11/NR7',1847,1920,'2025-11-12 09:25:51','2025-11-12 09:25:51'),(76,'04','52','cao tốc 01',1426,1440,'2025-11-12 09:26:36','2025-11-12 09:26:36'),(77,'04','01','Hồ Chí Minh',276,360,'2025-11-12 09:27:47','2025-11-12 09:27:47'),(78,'04','42','quốc lộ 3',616,625,'2025-11-12 09:28:55','2025-11-12 09:28:56'),(79,'04','31','quốc lộ 5B',374,408,'2025-11-12 09:30:48','2025-11-12 09:30:48'),(80,'04','79','cao tốc 01',1921,1800,'2025-11-12 09:31:57','2025-11-12 09:31:57'),(81,'04','46','quốc lộ 3',929,888,'2025-11-12 09:33:11','2025-11-12 09:33:12'),(82,'04','33','Hồ Chí Minh',318,368,'2025-11-12 09:34:09','2025-11-12 09:34:09'),(83,'04','56','cao tốc 01',1547,1500,'2025-11-12 09:35:48','2025-11-12 09:35:48'),(84,'04','12','cao tốc 05',612,685,'2025-11-12 09:36:54','2025-11-12 09:36:54'),(85,'04','68','cao tốc 01',1725,1680,'2025-11-12 09:38:08','2025-11-12 09:38:08'),(86,'48','66','quốc lộ 24',558,622,'2025-11-12 09:39:53','2025-11-12 09:39:53'),(87,'48','11','cao tốc 01',1062,1140,'2025-11-12 09:40:44','2025-11-12 09:40:45'),(88,'48','75','cao tốc Bắc - Nam',870,810,'2025-11-12 09:42:05','2025-11-12 09:42:05'),(89,'48','82','quốc lộ 14',1056,1200,'2025-11-12 09:43:23','2025-11-12 09:43:23'),(90,'48','82','quốc lộ 14',1056,1200,'2025-11-12 09:43:23','2025-11-12 09:43:23'),(91,'48','52','cao tốc 01',441,514,'2025-11-12 09:45:19','2025-11-12 09:45:20'),(92,'48','01','cao tốc 01',741,660,'2025-11-12 09:46:14','2025-11-12 09:46:14'),(93,'48','42','cao tốc 01',401,374,'2025-11-12 09:47:05','2025-11-12 09:47:05'),(94,'48','31','cao tốc 01',816,717,'2025-11-12 09:47:48','2025-11-12 09:47:48'),(95,'48','79','quốc lộ 14',893,1080,'2025-11-12 09:48:51','2025-11-12 09:48:51'),(96,'48','46','quốc lộ 1A',92,124,'2025-11-12 09:49:41','2025-11-12 09:49:41'),(97,'48','33','cao tốc 01',708,612,'2025-11-12 09:50:20','2025-11-12 09:50:21'),(98,'48','56','cao tốc 01',547,585,'2025-11-12 09:51:18','2025-11-12 09:51:19'),(99,'48','12','cao tốc 01',1116,1064,'2025-11-12 09:52:06','2025-11-12 09:52:06'),(100,'48','68','quốc lộ 24',763,905,'2025-11-12 09:53:04','2025-11-12 09:53:05'),(101,'66','11','quốc lộ 6',1797,2040,'2025-11-12 09:55:00','2025-11-12 09:55:01'),(102,'66','75','Hồ Chí Minh',1797,2040,'2025-11-12 09:56:48','2025-11-12 09:56:48'),(103,'66','82','đường tỉnh 741',489,632,'2025-11-12 09:58:29','2025-11-12 09:58:30'),(104,'66','52','Trường Sơn Đông',177,243,'2025-11-12 09:59:27','2025-11-12 09:59:28'),(105,'66','01','cao tốc Đà Nẵng - Quãng Ngãi',1290,1270,'2025-11-12 10:00:44','2025-11-12 10:00:45'),(106,'66','42','cao tốc Đà Nẵng - Quãng Ngãi',939,1007,'2025-11-12 10:02:01','2025-11-12 10:02:01'),(107,'66','31','cao tốc Đà Nẵng - Quãng Ngãi',1353,1354,'2025-11-12 10:02:56','2025-11-12 10:02:56'),(108,'66','79','đường tỉnh 741',367,515,'2025-11-12 10:04:04','2025-11-12 10:04:05'),(109,'66','46','quốc lộ 24',641,717,'2025-11-12 10:04:48','2025-11-12 10:04:48'),(110,'66','33','cao tốc 01',1258,1217,'2025-11-12 10:05:37','2025-11-12 10:05:38'),(111,'66','56','quốc lộ 36',173,220,'2025-11-12 10:06:44','2025-11-12 10:06:45'),(112,'66','12','cao tốc 05',1790,1920,'2025-11-12 10:07:41','2025-11-12 10:07:41'),(113,'66','68','quốc lộ 27',224,331,'2025-11-12 10:08:26','2025-11-12 10:08:27'),(114,'11','75','cao tốc 01',1923,1860,'2025-11-12 10:11:25','2025-11-12 10:11:26'),(115,'11','82','quốc lộ 6',1901,2100,'2025-11-12 10:12:21','2025-11-12 10:12:22'),(116,'11','52','cao tốc 01',1480,1620,'2025-11-12 10:13:05','2025-11-12 10:13:06'),(117,'11','01','quốc lộ 37',454,626,'2025-11-12 10:14:01','2025-11-12 10:14:01'),(119,'11','42','cao tốc Bắc - Nam',668,764,'2025-11-12 10:14:58','2025-11-12 10:14:58'),(120,'11','31','quốc lộ 6',571,688,'2025-11-12 10:23:05','2025-11-12 10:23:06'),(121,'11','79','quốc lộ AH11/NR7',1832,2100,'2025-11-12 10:24:14','2025-11-12 10:24:15'),(122,'11','46','cao tốc 01',981,1035,'2025-11-12 10:24:57','2025-11-12 10:24:57'),(123,'11','33','quốc lộ 279',489,706,'2025-11-12 10:25:40','2025-11-12 10:25:40'),(124,'11','56','cao tốc 01',1601,1680,'2025-11-12 10:26:41','2025-11-12 10:26:42'),(125,'11','12','quốc lộ 12',200,266,'2025-11-12 10:27:25','2025-11-12 10:27:25'),(126,'11','68','cao tốc 01',1778,1860,'2025-11-12 10:28:17','2025-11-12 10:28:17'),(127,'75','82','quốc lộ N2',223,305,'2025-11-12 10:29:48','2025-11-12 10:29:49'),(128,'75','52','Trường Sơn Đông',608,604,'2025-11-12 10:30:44','2025-11-12 10:30:44'),(129,'75','01','cao tốc 01',1603,1500,'2025-11-12 10:31:39','2025-11-12 10:31:39'),(130,'75','42','cao tốc Bắc - Nam',1264,1200,'2025-11-12 10:33:30','2025-11-12 10:33:31'),(131,'75','31','tuyến đường 13',1608,1560,'2025-11-12 10:34:18','2025-11-12 10:34:19'),(132,'75','79','cao tốc 29',101,154,'2025-11-12 10:35:44','2025-11-12 10:35:45'),(133,'75','46','cao tốc 01',955,934,'2025-11-12 10:36:38','2025-11-12 10:36:39'),(134,'75','33','cao tốc 01',1571,1440,'2025-11-12 10:37:19','2025-11-12 10:37:20'),(135,'75','56','tỉnh 763',1571,1440,'2025-11-12 10:38:07','2025-11-12 10:38:08'),(136,'75','12','tuyến đường 13',1908,2100,'2025-11-12 10:39:34','2025-11-12 10:39:34'),(137,'75','68','quốc lộ 20',148,224,'2025-11-12 10:40:41','2025-11-12 10:40:41'),(138,'82','52','quốc lộ 14',633,820,'2025-11-12 10:44:39','2025-11-12 10:44:40'),(139,'82','01','tuyến đường 13',1566,1740,'2025-11-12 10:46:06','2025-11-12 10:46:06'),(140,'82','42','cao tốc 01',1239,1357,'2025-11-12 10:46:57','2025-11-12 10:46:57'),(141,'82','31','quốc lộ AH11/NR7',1654,1680,'2025-11-12 10:47:52','2025-11-12 10:47:53'),(142,'82','79','quốc lộ N2',129,211,'2025-11-12 10:48:39','2025-11-12 10:48:40'),(143,'82','46','cao tốc Bắc - Nam',1141,1117,'2025-11-12 10:49:45','2025-11-12 10:49:45'),(144,'82','33','cao tốc 01',1758,1620,'2025-11-12 10:50:35','2025-11-12 10:50:35'),(145,'82','56','cao tốc 01',525,491,'2025-11-12 10:51:19','2025-11-12 10:51:20'),(146,'82','12','cao tốc 05',1954,2040,'2025-11-12 10:52:03','2025-11-12 10:52:03'),(147,'82','68','quốc lộ 20',375,475,'2025-11-12 10:52:58','2025-11-12 10:52:58'),(148,'52','01','cao tốc 01',1158,1147,'2025-11-12 10:54:38','2025-11-12 10:54:38'),(149,'52','42','quốc lộ 24',819,885,'2025-11-12 10:55:26','2025-11-12 10:55:27'),(150,'52','31','cao tốc 01',1233,1197,'2025-11-12 10:56:23','2025-11-12 10:56:23'),(151,'52','79','Hồ Chí Minh',512,660,'2025-11-12 10:57:30','2025-11-12 10:57:30'),(152,'52','46','quốc lộ 24',510,602,'2025-11-12 10:58:16','2025-11-12 10:58:16'),(153,'52','33','cao tốc 01',1125,1104,'2025-11-12 10:59:18','2025-11-12 10:59:18'),(154,'52','56','quốc lộ 26',289,355,'2025-11-12 11:00:03','2025-11-12 11:00:03'),(155,'52','12','cao tốc nội bài Lào Cai',1662,1800,'2025-11-12 11:00:45','2025-11-12 11:00:45'),(156,'52','68','quốc lộ 27',384,527,'2025-11-12 11:01:28','2025-11-12 11:01:28'),(157,'01','42','cao tốc Cầu Giẽ - Ninh Bình',355,373,'2025-11-12 11:03:09','2025-11-12 11:03:09'),(158,'01','31','vành đai 2',121,127,'2025-11-12 11:04:06','2025-11-12 11:04:06'),(159,'01','79','cao tốc 01',1656,1560,'2025-11-12 11:04:59','2025-11-12 11:05:00'),(160,'01','46','cao tốc 01',660,592,'2025-11-12 11:05:36','2025-11-12 11:05:36'),(161,'01','33','cao tốc Hà Nội - Ninh Bình',60,89,'2025-11-12 11:07:23','2025-11-12 11:07:23'),(162,'01','56','cao tốc 01',1285,1237,'2025-11-12 11:08:23','2025-11-12 11:08:23'),(163,'01','12','cao tốc Nội Bài -Lào Cai',383,422,'2025-11-12 11:09:50','2025-11-12 11:09:50'),(164,'01','68','cao tốc 01',1459,1440,'2025-11-12 11:10:44','2025-11-12 11:10:44'),(165,'42','31','quốc lộ 10',391,357,'2025-11-12 11:12:14','2025-11-12 11:12:15'),(166,'42','79','quốc lộ AH11/NR7',1158,1273,'2025-11-12 11:13:11','2025-11-12 11:13:12'),(167,'42','46','quốc lộ 1A',312,318,'2025-11-12 11:13:48','2025-11-12 11:13:48'),(168,'42','33','đường tỉnh 56',314,291,'2025-11-12 11:14:57','2025-11-12 11:14:57'),(169,'42','56','quốc lộ 24',1088,1168,'2025-11-12 11:15:41','2025-11-12 11:15:42'),(170,'42','12','cao tốc Nội Bài - Lào Cai',725,687,'2025-11-12 11:16:21','2025-11-12 11:16:21'),(171,'42','68','quốc lộ 24',1156,1299,'2025-11-12 11:17:13','2025-11-12 11:17:13'),(172,'31','79','cao tốc 01',1726,1560,'2025-11-12 11:19:11','2025-11-12 11:19:11'),(173,'31','46','cao tốc 01',735,640,'2025-11-12 11:19:50','2025-11-12 11:19:50'),(174,'31','33','cao tốc Nội Bài - Hải Phòng',112,98,'2025-11-12 11:20:34','2025-11-12 11:20:34'),(175,'31','56','quốc lộ 24',1502,1500,'2025-11-12 11:21:27','2025-11-12 11:21:27'),(176,'31','12','cao tốc Nội Bài - Lào Cai',505,506,'2025-11-12 11:22:15','2025-11-12 11:22:15'),(177,'31','68','quốc lộ 24',1571,1620,'2025-11-12 11:22:57','2025-11-12 11:22:58'),(178,'79','46','cao tốc 02',976,1140,'2025-11-12 11:24:47','2025-11-12 11:24:47'),(179,'79','33','cao tốc NR76',1612,1560,'2025-11-12 11:25:56','2025-11-12 11:25:56'),(180,'79','56','cao tốc Bắc Nam',390,351,'2025-11-12 11:26:45','2025-11-12 11:26:46'),(181,'79','12','cao tốc AH11/NR7',1877,1980,'2025-11-12 11:27:47','2025-11-12 11:27:48'),(182,'79','68','cao tốc Bắc - Nam',274,312,'2025-11-12 11:28:32','2025-11-12 11:28:32'),(183,'46','33','cao tốc 01',627,541,'2025-11-12 11:29:21','2025-11-12 11:29:21'),(184,'46','56','cao tốc Đà Nẵng - Quãng Ngãi',637,663,'2025-11-12 11:30:13','2025-11-12 11:30:13'),(185,'46','12','quốc lộ 6',1015,1127,'2025-11-12 11:31:07','2025-11-12 11:31:07'),(186,'46','68','quốc lộ 24',847,999,'2025-11-12 11:31:53','2025-11-12 11:31:53'),(187,'33','56','cao tốc 01',1253,1200,'2025-11-12 11:32:48','2025-11-12 11:32:48'),(188,'33','12','cao tốc Nội Bài - Lào Cai',447,474,'2025-11-12 11:34:36','2025-11-12 11:34:36'),(189,'33','68','cao tốc 01',1427,1427,'2025-11-12 11:35:33','2025-11-12 11:35:33'),(190,'56','12','cao tốc 01',1657,1560,'2025-11-12 11:36:13','2025-11-12 11:36:13'),(191,'56','68','quốc lộ 27C',204,268,'2025-11-12 11:37:02','2025-11-12 11:37:02'),(192,'12','68','cao tốc 01',1834,1860,'2025-11-12 11:37:50','2025-11-12 11:37:50');
/*!40000 ALTER TABLE `routes` ENABLE KEYS */;
UNLOCK TABLES;

--
-- Table structure for table `travel_imgs`
--

DROP TABLE IF EXISTS `travel_imgs`;
/*!40101 SET @saved_cs_client     = @@character_set_client */;
/*!50503 SET character_set_client = utf8mb4 */;
CREATE TABLE `travel_imgs` (
  `id` int unsigned NOT NULL AUTO_INCREMENT,
  `id_travel_spot` int unsigned NOT NULL,
  `url` varchar(255) CHARACTER SET utf8mb4 COLLATE utf8mb4_unicode_ci NOT NULL,
  `publicUrl` varchar(255) CHARACTER SET utf8mb4 COLLATE utf8mb4_unicode_ci DEFAULT NULL,
  `created_at` timestamp NULL DEFAULT NULL,
  `updated_at` timestamp NULL DEFAULT NULL,
  PRIMARY KEY (`id`),
  KEY `travel_imgs_id_travel_spot_foreign` (`id_travel_spot`),
  CONSTRAINT `travel_imgs_id_travel_spot_foreign` FOREIGN KEY (`id_travel_spot`) REFERENCES `travel_spots` (`id`) ON DELETE CASCADE
) ENGINE=InnoDB AUTO_INCREMENT=29 DEFAULT CHARSET=utf8mb4 COLLATE=utf8mb4_unicode_ci;
/*!40101 SET character_set_client = @saved_cs_client */;

--
-- Dumping data for table `travel_imgs`
--

LOCK TABLES `travel_imgs` WRITE;
/*!40000 ALTER TABLE `travel_imgs` DISABLE KEYS */;
INSERT INTO `travel_imgs` VALUES (1,1,'/uploads/travel-spots/rung-tram-tra-su-an-giang/travel_spot_68f3b59976e973.44179453_download__2_.jpg','download (2).jpg','2025-10-18 15:43:21','2025-10-18 15:43:21'),(2,1,'/uploads/travel-spots/rung-tram-tra-su-an-giang/travel_spot_68f3b599874de2.89197200_download.jpg','download.jpg','2025-10-18 15:43:21','2025-10-18 15:43:21'),(3,1,'/uploads/travel-spots/rung-tram-tra-su-an-giang/travel_spot_68f3b599960165.44575558_download__1_.jpg','download (1).jpg','2025-10-18 15:43:21','2025-10-18 15:43:21'),(4,2,'/uploads/travel-spots/thot-not-trai-tim-an-giang/travel_spot_68f79e76305a02.01440812_download__2_.jpg','download (2).jpg','2025-10-21 14:53:42','2025-10-21 14:53:42'),(5,2,'/uploads/travel-spots/thot-not-trai-tim-an-giang/travel_spot_68f79e763fd5c8.35465781_download.jpg','download.jpg','2025-10-21 14:53:42','2025-10-21 14:53:42'),(6,2,'/uploads/travel-spots/thot-not-trai-tim-an-giang/travel_spot_68f79e7648b9c1.68096892_download__3_.jpg','download (3).jpg','2025-10-21 14:53:42','2025-10-21 14:53:42'),(7,3,'/uploads/travel-spots/bun-ca-hieu-thuan-thanh-pho-long-xuyen-an-giang/travel_spot_68f79ff73eed88.38077967_download__2_.jpg','download (2).jpg','2025-10-21 15:00:07','2025-10-21 15:00:07'),(8,3,'/uploads/travel-spots/bun-ca-hieu-thuan-thanh-pho-long-xuyen-an-giang/travel_spot_68f79ff74768d3.55209833_download.jpg','download.jpg','2025-10-21 15:00:07','2025-10-21 15:00:07'),(9,3,'/uploads/travel-spots/bun-ca-hieu-thuan-thanh-pho-long-xuyen-an-giang/travel_spot_68f79ff74fa312.96216901_download__1_.jpg','download (1).jpg','2025-10-21 15:00:07','2025-10-21 15:00:07'),(10,4,'/uploads/travel-spots/den-do-bac-ninh/travel_spot_692c30a9477d60.94234055_den-do-bac-ninh-ivivu-2.jpg','den-do-bac-ninh-ivivu-2.jpg','2025-11-30 11:55:21','2025-11-30 11:55:21'),(11,5,'/uploads/travel-spots/lang-quan-ho-bac-ninh/travel_spot_692c31a08e2da4.19669100_3253247989065248006609145492691022455943486n.jpg','3253247989065248006609145492691022455943486n.jpg','2025-11-30 11:59:28','2025-11-30 11:59:28'),(12,6,'/uploads/travel-spots/mui-ca-mau-ca-mau/travel_spot_692c324815a987.84941658_mui-ca-mau-1.jpg','mui-ca-mau-1.jpg','2025-11-30 12:02:16','2025-11-30 12:02:16'),(13,7,'/uploads/travel-spots/rung-u-minh-ca-mau/travel_spot_692c3350a04204.43368969_090056-r-ng-qu-c-gia-u-minh-h-.-ngu-n-internet.jpg','090056-r-ng-qu-c-gia-u-minh-h-.-ngu-n-internet.jpg','2025-11-30 12:06:40','2025-11-30 12:06:40'),(14,8,'/uploads/travel-spots/chua-phat-tich-bac-ninh/travel_spot_692c35527ebd69.39374481_chua-phat-tich-truc-lam-ban-gioc-dat-phat-o-mien-bien-gioi-cao-bang-1-1660016750986343081140-1660038406623-16600384069372014855399.jpg','chua-phat-tich-truc-lam-ban-gioc-dat-phat-o-mien-bien-gioi-cao-bang-1-1660016750986343081140-1660038406623-16600384069372014855399.jpg','2025-11-30 12:15:14','2025-11-30 12:15:14'),(15,9,'/uploads/travel-spots/den-ba-chua-kho-bac-ninh/travel_spot_692c35a51cd6d6.90715418_den-ba-chua-kho.jpg','den-ba-chua-kho.jpg','2025-11-30 12:16:37','2025-11-30 12:16:37'),(16,10,'/uploads/travel-spots/lang-gom-cau-dat-bac-ninh/travel_spot_692c35f765fd28.74531081_gom-phu-lang-5_3c10decdc40b477c8c8adaafeddf000c.jpg','gom-phu-lang-5_3c10decdc40b477c8c8adaafeddf000c.jpg','2025-11-30 12:17:59','2025-11-30 12:17:59'),(17,11,'/uploads/travel-spots/hon-da-bac-ca-mau/travel_spot_692c36b0aabe05.76499564_hondabac06.jpg','hondabac06.jpg','2025-11-30 12:21:04','2025-11-30 12:21:04'),(18,12,'/uploads/travel-spots/dam-thi-tuong-ca-mau/travel_spot_692c36f6ae28f7.73127342_damthituong.jpg','damthituong.jpg','2025-11-30 12:22:14','2025-11-30 12:22:14'),(19,13,'/uploads/travel-spots/cho-noi-cai-rang-can-tho/travel_spot_692c3814a5e9f0.86483927_chonoicairang.jpg','chonoicairang.jpg','2025-11-30 12:27:00','2025-11-30 12:27:00'),(20,14,'/uploads/travel-spots/ben-ninh-kieu-can-tho/travel_spot_692c387ac62a55.59495714_ben-ninh-kieu-can-tho-03.jpg','ben-ninh-kieu-can-tho-03.jpg','2025-11-30 12:28:42','2025-11-30 12:28:42'),(21,15,'/uploads/travel-spots/chua-ong-can-tho/travel_spot_692c38af388856.21949532_Chua_Ong_Can_Tho_1.jpg','Chua_Ong_Can_Tho_1.jpg','2025-11-30 12:29:35','2025-11-30 12:29:35'),(22,17,'/uploads/travel-spots/thap-ba-ponagar-khanh-hoa/travel_spot_692c3d389d8468.81034677_Thap-Ba-Ponagar-1.jpg','Thap-Ba-Ponagar-1.jpg','2025-11-30 12:48:56','2025-11-30 12:48:56'),(23,18,'/uploads/travel-spots/vinpearl-land-nha-trang-khanh-hoa/travel_spot_692c3d87571b02.72335369_vinpearland.jpg','vinpearland.jpg','2025-11-30 12:50:15','2025-11-30 12:50:15'),(24,19,'/uploads/travel-spots/suoi-ba-ho-khanh-hoa/travel_spot_692c3db43a91c5.89799402_kdl-ba-ho-nha-trang-17.jpg','kdl-ba-ho-nha-trang-17.jpg','2025-11-30 12:51:00','2025-11-30 12:51:00'),(25,20,'/uploads/travel-spots/thung-lung-tinh-yeu-lam-dong/travel_spot_692c41b3e80444.54937345_khong-gian-1.jpg','khong-gian-1.jpg','2025-11-30 13:08:03','2025-11-30 13:08:03'),(26,21,'/uploads/travel-spots/doi-cu-lam-dong/travel_spot_692c41e2812a08.43294158_doi-cu.jpg','doi-cu.jpg','2025-11-30 13:08:50','2025-11-30 13:08:50'),(27,22,'/uploads/travel-spots/vuon-hoa-da-lat-lam-dong/travel_spot_692c4219131b82.55895217_canh-dong-hoa-da-lat-1.jpg','canh-dong-hoa-da-lat-1.jpg','2025-11-30 13:09:45','2025-11-30 13:09:45'),(28,23,'/uploads/travel-spots/thac-datanla-lam-dong/travel_spot_692c42431fa1c0.38865485_image5-compressed.jpg','image5-compressed.jpg','2025-11-30 13:10:27','2025-11-30 13:10:27');
/*!40000 ALTER TABLE `travel_imgs` ENABLE KEYS */;
UNLOCK TABLES;

--
-- Table structure for table `travel_spots`
--

DROP TABLE IF EXISTS `travel_spots`;
/*!40101 SET @saved_cs_client     = @@character_set_client */;
/*!50503 SET character_set_client = utf8mb4 */;
CREATE TABLE `travel_spots` (
  `id` int unsigned NOT NULL AUTO_INCREMENT,
  `name` varchar(255) CHARACTER SET utf8mb4 COLLATE utf8mb4_unicode_ci NOT NULL,
  `description` text CHARACTER SET utf8mb4 COLLATE utf8mb4_unicode_ci,
  `province_id` int unsigned NOT NULL,
  `open_time` time DEFAULT NULL,
  `close_time` time DEFAULT NULL,
  `average_rate` decimal(3,2) NOT NULL DEFAULT '0.00',
  `price_from` decimal(10,2) DEFAULT NULL,
  `price_to` decimal(10,2) DEFAULT NULL,
  `total_rates` int unsigned NOT NULL DEFAULT '0',
  `full_address` varchar(255) CHARACTER SET utf8mb4 COLLATE utf8mb4_unicode_ci DEFAULT NULL,
  `created_at` timestamp NULL DEFAULT NULL,
  `updated_at` timestamp NULL DEFAULT NULL,
  PRIMARY KEY (`id`),
  KEY `travel_spots_province_id_foreign` (`province_id`),
  CONSTRAINT `travel_spots_province_id_foreign` FOREIGN KEY (`province_id`) REFERENCES `provinces` (`id`) ON DELETE CASCADE
) ENGINE=InnoDB AUTO_INCREMENT=24 DEFAULT CHARSET=utf8mb4 COLLATE=utf8mb4_unicode_ci;
/*!40101 SET character_set_client = @saved_cs_client */;

--
-- Dumping data for table `travel_spots`
--

LOCK TABLES `travel_spots` WRITE;
/*!40000 ALTER TABLE `travel_spots` DISABLE KEYS */;
INSERT INTO `travel_spots` VALUES (1,'Rừng Tràm Trà Sư','Khu sinh thái rừng tràm nổi tiếng, nơi du khách có thể đi thuyền giữa những đầm lầy xanh mát. Hệ sinh thái phong phú, chim cò và hoa sen mọc khắp nơi, mang đến trải nghiệm thiên nhiên nguyên sơ đặc trưng miền Tây. Thời điểm mùa nước nổi là lúc đẹp nhất để tham quan.',1,'07:30:00','16:30:00',0.00,150000.00,170000.00,0,'X?? V??n Gi??o, huy???n T???nh Bi??n, T???nh An Giang','2025-10-18 15:43:21','2025-10-18 15:43:21'),(2,'Thất Núi Trái Tim','Điểm nhấn đặc biệt trên hành trình khám phá An Giang chính là Cây Thất Núi tạo hình trái tim. Đây là một cảnh quan độc đáo, thiên nhiên kết hợp với bàn tay con người tạo nên hình trái tim giữa núi rừng. Du khách thích hợp đến tham quan, chụp ảnh và tận hưởng không khí yên bình.',1,'07:30:00','17:00:00',0.00,120000.00,150000.00,0,' X?? An T???c, huy???n Tri T??n, T???nh An Giang','2025-10-21 14:53:42','2025-10-21 14:53:42'),(3,'Chùa Hang','Ngôi chùa cổ nằm trên núi với cảnh quan hữu tình, nổi tiếng với tượng Phật lớn và hang động kỳ bí. Du khách tham quan, chiêm bái và thưởng ngoạn toàn cảnh núi rừng xung quanh. Không gian yên tĩnh và thanh bình, phù hợp cho hành trình tâm linh và nghỉ dưỡng.',1,'07:30:00','18:00:00',0.00,30000.00,40000.00,0,'18/2A L?? L???i, P. M??? B??nh, Th??nh ph??? Long Xuy??n, An Giang, Vi???t Nam, T???nh An Giang','2025-10-21 15:00:07','2025-10-21 15:00:07'),(4,'Đền Đô - Bắc Ninh','Ngôi đền cổ kính với kiến trúc độc đáo, điêu khắc tinh xảo, lưu giữ dấu ấn lịch sử triều đại Lý. Tham quan, tìm hiểu văn hóa và chụp ảnh giữa không gian linh thiêng.',2,'07:00:00','17:00:00',0.00,15000.00,50000.00,0,'Đình Bảng, Từ Sơn, Bắc Ninh, Tỉnh Bắc Ninh','2025-11-30 11:55:21','2025-11-30 11:55:21'),(5,'Làng Quan Họ - Bắc Ninh','Trải nghiệm văn hóa Quan họ Bắc Ninh, thưởng thức âm nhạc truyền thống và tham quan các làng nghề thủ công. Không gian làng quê đậm chất Việt, lý tưởng cho du khách yêu văn hóa.',2,'09:00:00','18:00:00',0.00,10000.00,30000.00,0,'Đường Ngô Gia Tự, Bắc Ninh, Tỉnh Bắc Ninh','2025-11-30 11:59:28','2025-11-30 11:59:28'),(6,'Mũi Cà Mau - Cà Mau','Điểm cực Nam của Tổ Quốc, nơi đất trời giao hòa, ngắm bình minh trên biển và hoàng hôn tuyệt đẹp. Hệ sinh thái rừng ngập mặn độc đáo, lý tưởng cho những ai yêu thiên nhiên và khám phá.',3,'06:00:00','18:00:00',0.00,20000.00,100000.00,0,'Đất Mũi, Cà Mau, Tỉnh Cà Mau','2025-11-30 12:02:16','2025-11-30 12:02:16'),(7,'Rừng U Minh - Cà Mau','Rừng ngập mặn rộng lớn với đa dạng động thực vật, trải nghiệm sinh thái trên thuyền và trekking khám phá thiên nhiên hoang sơ. Một điểm đến lý tưởng cho du lịch xanh và chụp ảnh thiên nhiên.',3,'07:00:00','17:00:00',0.00,50000.00,120000.00,0,'Huyện U Minh, Cà Mau, Tỉnh Cà Mau','2025-11-30 12:06:40','2025-11-30 12:06:40'),(8,'Chùa Phật Tích - Bắc Ninh','Ngôi chùa cổ kính với kiến trúc độc đáo, không gian yên tĩnh và thanh bình. Du khách có thể tham quan tượng Phật lớn, tìm hiểu lịch sử Phật giáo Việt Nam và chụp ảnh lưu niệm. Khuôn viên rộng rãi, cây xanh rợp mát tạo nên cảm giác thư giãn và tĩnh tâm.',2,'08:00:00','17:00:00',0.00,10000.00,0.00,0,'Tiên Du, Bắc Ninh, Tỉnh Bắc Ninh','2025-11-30 12:15:14','2025-11-30 12:15:14'),(9,'Đền Bà Chúa Kho - Bắc Ninh','Nơi linh thiêng nổi tiếng, thu hút đông đảo du khách và người dân đến cầu may, cầu tài lộc. Kiến trúc đền độc đáo, không gian tĩnh lặng, kết hợp với hoạt động lễ hội truyền thống. Đây là điểm tham quan kết hợp tâm linh và trải nghiệm văn hóa Bắc Ninh.',2,'07:00:00','20:00:00',0.00,15000.00,20000.00,0,'TP. Bắc Ninh, Bắc Ninh, Tỉnh Bắc Ninh','2025-11-30 12:16:37','2025-11-30 12:16:37'),(10,'Làng Gốm Cầu Đất - Bắc Ninh','Làng nghề truyền thống với các sản phẩm gốm tinh xảo, nơi du khách tham quan, tự tay làm gốm và mua sắm thủ công mỹ nghệ. Không gian cổ kính và các lớp học trải nghiệm mang lại hành trình khám phá văn hóa độc đáo.',2,'08:00:00','18:00:00',0.00,10000.00,50000.00,0,'Thuận Thành, Bắc Ninh, Tỉnh Bắc Ninh','2025-11-30 12:17:59','2025-11-30 12:17:59'),(11,'Hòn Đá Bạc - Cà Mau','Quần đảo nhỏ với cảnh quan biển tuyệt đẹp, nước trong xanh, bãi cát trắng mịn. Du khách có thể tắm biển, tham quan đảo, ngắm hoàng hôn và trải nghiệm các hoạt động dã ngoại. Một trải nghiệm biển độc đáo cho cả gia đình.',3,'06:00:00','18:00:00',0.00,20000.00,50000.00,0,'Năm Căn, Cà Mau, Tỉnh Cà Mau','2025-11-30 12:21:04','2025-11-30 12:21:04'),(12,'Đầm Thị Tường - Cà Mau','Đầm nước mặn rộng lớn, tham quan bằng thuyền, ngắm cảnh hoàng hôn và thưởng thức hải sản tươi ngon. Không gian yên bình, lý tưởng cho chuyến picnic cuối tuần và thư giãn giữa thiên nhiên.',3,'06:00:00','19:00:00',0.00,20000.00,80000.00,0,'TP. Cà Mau, Cà Mau, Tỉnh Cà Mau','2025-11-30 12:22:14','2025-11-30 12:22:14'),(13,'Chợ Nổi Cái Răng - Cần Thơ','Chợ nổi đặc trưng miền Tây, sầm uất với hàng hóa và trái cây tươi ngon. Du khách thưởng thức ẩm thực ngay trên thuyền, trải nghiệm nhịp sống sông nước và văn hóa địa phương. Một trải nghiệm không thể bỏ qua khi đến Cần Thơ.',4,'05:00:00','00:00:00',0.00,20000.00,30000.00,0,'Cái Răng, Cần Thơ, Thành phố trực thuộc TW Cần Thơ','2025-11-30 12:27:00','2025-11-30 12:27:00'),(14,'Bến Ninh Kiều - Cần Thơ','Bến thuyền nổi tiếng bên sông Hậu, ngắm cảnh hoàng hôn và thưởng ngoạn không gian sông nước miền Tây. Khu vực nhộn nhịp với quán cà phê, nhà hàng và các hoạt động vui chơi, thích hợp dạo bộ và chụp ảnh.',4,'06:00:00','22:00:00',0.00,0.00,0.00,0,'Ninh Kiều, Cần Thơ, Thành phố trực thuộc TW Cần Thơ','2025-11-30 12:28:42','2025-11-30 12:28:42'),(15,'Chùa Ông - Cần Thơ','Ngôi chùa cổ mang kiến trúc Trung Hoa độc đáo, không gian yên tĩnh và thanh bình. Du khách tham quan, tìm hiểu văn hóa, lễ hội và chụp ảnh lưu niệm. Đây là điểm văn hóa đặc sắc của Cần Thơ.',4,'06:00:00','18:00:00',0.00,5000.00,20000.00,0,'Ninh Kiều, Cần Thơ, Thành phố trực thuộc TW Cần Thơ','2025-11-30 12:29:35','2025-11-30 12:29:35'),(16,'Làng Du Lịch Mỹ Khánh - Cần Thơ','Làng sinh thái với các trò chơi, ẩm thực và trải nghiệm văn hóa miền Tây. Du khách được hòa mình vào không gian xanh, dạo chơi giữa vườn cây, tham quan làng nghề và thư giãn cuối tuần.',4,'08:00:00','17:00:00',0.00,14000.00,20000.00,0,'Ninh Kiều, Cần Thơ, Thành phố trực thuộc TW Cần Thơ','2025-11-30 12:30:24','2025-11-30 12:30:24'),(17,'Tháp Bà Ponagar - Khánh Hòa','Di tích Champa cổ kính, kiến trúc độc đáo và nhiều hiện vật văn hóa. Du khách tham quan, tìm hiểu lịch sử Champa và thưởng ngoạn toàn cảnh thành phố từ trên cao. Không gian thanh tịnh, lý tưởng để vừa tham quan vừa tĩnh tâm.',18,'08:00:00','17:00:00',0.00,5000.00,20000.00,0,'TP. Nha Trang, Khánh Hòa, Tỉnh Khánh Hòa','2025-11-30 12:48:56','2025-11-30 12:48:56'),(18,'Vinpearl Land Nha Trang - Khánh Hòa','Khu vui chơi giải trí lớn trên đảo, với công viên nước, thủy cung, trò chơi cảm giác mạnh và bãi biển riêng. Du khách trải nghiệm các trò chơi thú vị, chụp ảnh và thư giãn. Đây là điểm vui chơi lý tưởng cho gia đình và nhóm bạn.',18,'08:00:00','22:00:00',0.00,200000.00,400000.00,0,'Hòn Tre, Nha Trang, Khánh Hòa, Tỉnh Khánh Hòa','2025-11-30 12:50:15','2025-11-30 12:50:15'),(19,'Suối Ba Hồ - Khánh Hòa','Hệ thống 3 hồ nước tự nhiên trong vắt, nằm giữa núi rừng, thích hợp trekking và bơi lội. Du khách dạo chơi, chụp ảnh và thư giãn giữa thiên nhiên hoang sơ. Một trải nghiệm thú vị cho các tín đồ yêu mạo hiểm và cảnh đẹp.',18,'08:00:00','20:00:00',0.00,20000.00,80000.00,0,'Ninh Hòa, Khánh Hòa, Tỉnh Khánh Hòa','2025-11-30 12:51:00','2025-11-30 12:51:00'),(20,'Thung Lũng Tình Yêu - Lâm Đồng','Cảnh quan lãng mạn với hồ, vườn hoa và cây xanh tươi mát. Du khách tham quan, chụp ảnh, dạo chơi và tận hưởng không gian trong lành. Nơi lý tưởng cho cặp đôi, gia đình và trải nghiệm du lịch nhẹ nhàng.',20,'07:00:00','17:00:00',0.00,20000.00,50000.00,0,'Đà Lạt, Lâm Đồng, Tỉnh Lâm Đồng','2025-11-30 13:08:03','2025-11-30 13:08:03'),(21,'Đồi Cù - Lâm Đồng','Đồi chè xanh bạt ngàn, phong cảnh yên bình và không khí trong lành. Du khách trekking, chụp ảnh và tham quan quy trình trồng chè. Một điểm dừng chân thư giãn, hòa mình với thiên nhiên núi cao.',20,'06:00:00','17:00:00',0.00,20000.00,30000.00,0,'Lạc Dương, Lâm Đồng, Tỉnh Lâm Đồng','2025-11-30 13:08:50','2025-11-30 13:08:50'),(22,'Vườn Hoa Đà Lạt - Lâm Đồng','Vườn hoa rực rỡ với nhiều loài hoa quý hiếm, thích hợp check-in, chụp ảnh và dạo chơi. Du khách tham quan, thư giãn giữa thiên nhiên và thưởng thức không khí trong lành của cao nguyên. Điểm dừng chân tuyệt vời cho cả gia đình.',20,'06:00:00','17:00:00',0.00,10000.00,50000.00,0,'Đà Lạt, Lâm Đồng, Tỉnh Lâm Đồng','2025-11-30 13:09:45','2025-11-30 13:09:45'),(23,'Thác Datanla - Lâm Đồng','Thác nước đẹp giữa núi rừng, trải nghiệm mạo hiểm với máng trượt, trekking và picnic. Du khách chụp ảnh, tận hưởng không khí trong lành và cảnh quan hùng vĩ. Một điểm du lịch lý tưởng cho nhóm bạn và gia đình yêu thiên nhiên.',20,'06:00:00','18:00:00',0.00,20000.00,100000.00,0,'Đà Lạt, Lâm Đồng, Tỉnh Lâm Đồng','2025-11-30 13:10:27','2025-11-30 13:10:27');
/*!40000 ALTER TABLE `travel_spots` ENABLE KEYS */;
UNLOCK TABLES;

--
-- Table structure for table `user_roles`
--

DROP TABLE IF EXISTS `user_roles`;
/*!40101 SET @saved_cs_client     = @@character_set_client */;
/*!50503 SET character_set_client = utf8mb4 */;
CREATE TABLE `user_roles` (
  `user_id` int unsigned NOT NULL,
  `role_id` int unsigned NOT NULL,
  `created_at` timestamp NULL DEFAULT NULL,
  `updated_at` timestamp NULL DEFAULT NULL,
  UNIQUE KEY `user_roles_user_id_role_id_unique` (`user_id`,`role_id`)
) ENGINE=InnoDB DEFAULT CHARSET=utf8mb4 COLLATE=utf8mb4_unicode_ci;
/*!40101 SET character_set_client = @saved_cs_client */;

--
-- Dumping data for table `user_roles`
--

LOCK TABLES `user_roles` WRITE;
/*!40000 ALTER TABLE `user_roles` DISABLE KEYS */;
INSERT INTO `user_roles` VALUES (1,4,'2025-11-15 08:44:32','2025-11-15 08:44:32'),(2,4,'2025-11-16 12:41:11','2025-11-16 12:41:11'),(3,2,'2025-11-21 09:19:17','2025-11-21 09:19:17'),(3,4,'2025-11-17 09:40:29','2025-11-17 09:40:29'),(4,2,'2025-11-22 11:47:08','2025-11-22 11:47:08'),(4,4,'2025-11-17 09:41:53','2025-11-17 09:41:53'),(5,4,'2025-11-17 09:48:09','2025-11-17 09:48:09'),(6,4,'2025-11-18 10:15:14','2025-11-18 10:15:14'),(7,2,'2025-12-09 12:12:26','2025-12-09 12:12:26'),(7,4,'2025-11-24 04:43:31','2025-11-24 04:43:31'),(8,2,'2025-12-09 11:47:18','2025-12-09 11:47:18'),(8,4,'2025-11-25 09:32:46','2025-11-25 09:32:46'),(9,2,'2025-12-04 14:21:43','2025-12-04 14:21:43'),(9,4,'2025-11-25 09:49:49','2025-11-25 09:49:49'),(10,3,'2025-12-09 16:10:03','2025-12-09 16:10:03'),(10,4,'2025-11-25 10:01:18','2025-11-25 10:01:18'),(11,4,'2025-11-25 10:10:35','2025-11-25 10:10:35'),(12,1,'2025-11-30 06:56:22','2025-11-30 06:56:22'),(12,4,'2025-11-30 06:56:22','2025-11-30 06:56:22'),(13,2,'2025-11-30 14:22:55','2025-11-30 14:22:55'),(13,4,'2025-11-30 13:35:36','2025-11-30 13:35:36'),(14,3,'2025-11-30 15:50:09','2025-11-30 15:50:09'),(14,4,'2025-11-30 13:55:56','2025-11-30 13:55:56'),(15,1,'2025-11-15 08:44:32','2025-11-15 08:44:32'),(15,4,'2025-11-30 16:51:03','2025-11-30 16:51:03'),(16,4,'2025-12-09 11:40:16','2025-12-09 11:40:16'),(17,4,'2025-12-09 12:00:55','2025-12-09 12:00:55'),(18,4,'2025-12-09 12:32:27','2025-12-09 12:32:27'),(19,2,'2025-12-09 12:53:45','2025-12-09 12:53:45'),(19,4,'2025-12-09 12:50:35','2025-12-09 12:50:35'),(20,4,'2025-12-09 13:08:22','2025-12-09 13:08:22'),(21,4,'2025-12-09 13:50:48','2025-12-09 13:50:48'),(22,4,'2025-12-09 14:24:40','2025-12-09 14:24:40'),(23,4,'2025-12-09 14:25:43','2025-12-09 14:25:43'),(24,4,'2025-12-09 14:29:31','2025-12-09 14:29:31'),(25,4,'2025-12-09 14:32:52','2025-12-09 14:32:52'),(26,4,'2025-12-09 14:37:42','2025-12-09 14:37:42'),(27,4,'2025-12-09 14:44:00','2025-12-09 14:44:00'),(28,4,'2025-12-09 14:50:10','2025-12-09 14:50:10'),(29,4,'2025-12-09 14:53:37','2025-12-09 14:53:37'),(30,4,'2025-12-09 15:00:51','2025-12-09 15:00:51'),(31,4,'2025-12-09 15:05:49','2025-12-09 15:05:49'),(32,4,'2025-12-09 15:10:25','2025-12-09 15:10:25'),(33,3,'2025-12-09 16:10:22','2025-12-09 16:10:22'),(33,4,'2025-12-09 15:40:02','2025-12-09 15:40:02'),(34,3,'2025-12-09 17:06:00','2025-12-09 17:06:00'),(34,4,'2025-12-09 17:00:11','2025-12-09 17:00:11'),(35,4,'2025-12-09 17:50:53','2025-12-09 17:50:53');
/*!40000 ALTER TABLE `user_roles` ENABLE KEYS */;
UNLOCK TABLES;

--
-- Table structure for table `users`
--

DROP TABLE IF EXISTS `users`;
/*!40101 SET @saved_cs_client     = @@character_set_client */;
/*!50503 SET character_set_client = utf8mb4 */;
CREATE TABLE `users` (
  `id` int unsigned NOT NULL AUTO_INCREMENT,
  `first_name` varchar(100) CHARACTER SET utf8mb4 COLLATE utf8mb4_unicode_ci NOT NULL,
  `last_name` varchar(100) CHARACTER SET utf8mb4 COLLATE utf8mb4_unicode_ci NOT NULL,
  `password` varchar(255) CHARACTER SET utf8mb4 COLLATE utf8mb4_unicode_ci NOT NULL,
  `email` varchar(150) CHARACTER SET utf8mb4 COLLATE utf8mb4_unicode_ci NOT NULL,
  `phone_number` varchar(10) CHARACTER SET utf8mb4 COLLATE utf8mb4_unicode_ci DEFAULT NULL,
  `portrait` varchar(255) CHARACTER SET utf8mb4 COLLATE utf8mb4_unicode_ci DEFAULT NULL,
  `gender` enum('male','female','other') CHARACTER SET utf8mb4 COLLATE utf8mb4_unicode_ci NOT NULL DEFAULT 'male',
  `date_of_birth` date DEFAULT NULL,
  `CCCD` varchar(20) CHARACTER SET utf8mb4 COLLATE utf8mb4_unicode_ci DEFAULT NULL,
  `address` varchar(255) CHARACTER SET utf8mb4 COLLATE utf8mb4_unicode_ci DEFAULT NULL,
  `province_id` int unsigned DEFAULT NULL,
  `created_at` timestamp NULL DEFAULT NULL,
  `updated_at` timestamp NULL DEFAULT NULL,
  PRIMARY KEY (`id`),
  UNIQUE KEY `users_email_unique` (`email`)
) ENGINE=InnoDB AUTO_INCREMENT=36 DEFAULT CHARSET=utf8mb4 COLLATE=utf8mb4_unicode_ci;
/*!40101 SET character_set_client = @saved_cs_client */;

--
-- Dumping data for table `users`
--

LOCK TABLES `users` WRITE;
/*!40000 ALTER TABLE `users` DISABLE KEYS */;
INSERT INTO `users` VALUES (3,'Hong Phong','Nguyen','$2y$12$pVb0CD0zUpAm/hZxZEhn4OZzqrxEIEpEoXmJa2yVeKqLt99t3RCei','nguyenhongphong4151050139@gmail.com','0387792293','','male','2000-07-24','012345649789','79 Tân Phú',15,'2025-11-17 09:40:29','2025-11-17 09:40:29'),(4,'Thúy Ngân','Phạm','$2y$12$.wtOyGaPlC.2HZAuYhm8/eYsDR.a6BXHWC6g73G6nxwTd7i4wpDOi','phongnguyenwn123@gmail.com','0123456789','','female','2002-04-23','0231466491','Phú Yên',11,'2025-11-17 09:41:53','2025-11-17 09:41:53'),(5,'Nguyễn','Thanh Hiếu','$2y$12$zUuR0PUSsm.tAK0N.JoHfet1tmTtwE1oV6VoAtunRkwIvasezGV7S','newbierhp2000@gmail.com','1234567891','','male','2002-10-23','1234564898','QNBD',15,'2025-11-17 09:48:09','2025-11-17 09:48:09'),(6,'Nguyễn','Phong Ku Teo','$2y$12$bAu2AVqW08nByIlU2oA0yOMXzgDaaP9v3qO/FI76m5lDPD4HSSNC2','kuteo@xxx.xx','0987654321','','female','2028-10-18','q','q',1,'2025-11-18 10:15:14','2025-11-18 10:15:14'),(7,'Trung','Nguyen ','$2y$12$T4EtbhV1TTnCVT.9vJsfluFDQ9dOEWSwqyTwwX.6Iystln6bNlqz2','learningemail10000dollars@gmail.com','1131231313','','male','2025-10-30','1234564898','79 Tân Thắng',1,'2025-11-24 04:43:31','2025-11-24 04:43:31'),(8,'Hoàng Long','Võ','$2y$12$E5VB39WbTruzQqFz385PQOOJ1KVYZMPdyYsL6.xI9pihSX/gaRk/a','longvo93@gmail.com','0915123344','','male','1993-03-05','084123453322','12 Lê Duẩn',4,'2025-11-25 09:32:46','2025-11-25 09:32:46'),(9,'Phương Thảo','Lê','$2y$12$6qzvCrtghWkambSW2znx9O2MIoDpXcuu1.QXRntaMUO37UlZP67hq','thaole2000@gmail.com','0935123987','','female','1999-11-21','079445556666','77 Hai Bà Trưng',6,'2025-11-25 09:49:49','2025-11-25 09:49:49'),(10,'Quốc Huy','Trần','$2y$12$yruMm5MtfkZYgaYDk9sqF.xq4989KbOGyyZX8SixbWK/nmHaf7dd.','huytran95@gmail.com','0908123456','','male','1995-07-30','086987654321','102 Nguyễn Trãi',15,'2025-11-25 10:01:18','2025-11-25 10:01:18'),(11,'Đức Thịnh','Tô ','$2y$12$huCpw4nBUExYC.4YeQ9QmOBXT1n5ZqV9hADBiClBA0y14GAFRSxiS','thinhto93@gmail.com','0916432233','','male','1993-09-07','088765443322','69 Lý Văn Lâm',3,'2025-11-25 10:10:35','2025-11-25 10:10:35'),(13,'Minh Anh','Nguyễn','$2y$12$Y7jXS8MDBaMcSghX3y5wkONznp9LGreDqFhiV7bJANvY4GDEpEkzG','karanguyen6605@gmail.com','0912345678','','female','1999-01-22','079123456789','25 Lý Thường Kiệt',12,'2025-11-30 13:35:36','2025-11-30 13:35:36'),(14,'Thanh Tuấn','Đặng','$2y$12$PnSZ3RrgUoqQKOIyK8v7Ze3X2fe14dp9QBPsS8.dAP9C45x/Jo1/q','tuandang97@gmail.com','0903451299','','male','1999-01-19','079998877665','12 Quang Trung',9,'2025-11-30 13:55:56','2025-11-30 13:55:56'),(15,'Admin','Nguyễn','$2y$12$FKdlO.DSK0xsJYaT5ZxcjeVVejfzKKrgcc0cUW4lvvCKG.On1CF0u','admin@gmail.com','0901234888','','male','2020-02-10','454262677213','212 Ngô Mây',15,'2025-11-30 16:51:03','2025-11-30 16:51:03'),(18,'Test','Nguyễn Văn ','$2y$12$V8EqqHzYvD3AnWGtw9hMOeA69Iqq9beg0xp3B7obE.arD72/eXXxq','test@gmail.com','0987654321','','male','1010-10-01','058890900986','test',11,'2025-12-09 12:32:26','2025-12-09 12:32:26'),(19,'KYLY MLÔ','Y','$2y$12$YL5rum1NxqhGrAkEH1zq1ufEAt3fGFhbr7Dv/vdg36br1tMXzR1Cu','ykylymlo@gmail.com','0392646146','','male','2025-12-10','0994022291','binh dinh',7,'2025-12-09 12:50:35','2025-12-09 12:50:35'),(20,'Test','Test','$2y$12$qxps.Yk37lRDGNRffqHg3u5BAdgxQtXQJcMNPQG91mCYy6n08DzK2','test@gmail.com.com','0909090909','','male','1111-11-11','098765432109','test',16,'2025-12-09 13:08:22','2025-12-09 13:08:22'),(21,'Test','Test','$2y$12$9TXfkhch2V3dxi.Fq9NMneXaUSNDND8bNi2p7aJxdj9YRp133FGqO','wvv92839@toaik.com','9080706011','','male','1111-11-11','111111111111','1',19,'2025-12-09 13:50:48','2025-12-09 13:50:48'),(22,'Test','Test','$2y$12$DXnBLGe6B2vAk57BZzlRfO8E4mWOetLm0PN/K4PoCRb3cmmtD4fO2','hung@gmail.com','0908070605','','male','1111-11-11','090989898989','test',1,'2025-12-09 14:24:40','2025-12-09 14:24:40'),(23,'Test','N','$2y$12$0YSwXE75UbcX82l4u49ZsO.sWmz6FPHYMQO5EoixGAygAHesazXpm','hugn@gmail.com','0908070605','','male','1111-11-11','090876543211','test',1,'2025-12-09 14:25:43','2025-12-09 14:25:43'),(24,'b','a','$2y$12$ivssQiFmM0Ays1cZ8rBTouD6KPasHxsWXHOpkokTU.clxHNFdwwO2','hung1@gmail.com','0908070605','','male','1111-02-21','0908070605','0908070605',1,'2025-12-09 14:29:31','2025-12-09 14:29:31'),(25,'Hùng','Nguyễn@#','$2y$12$JtN1REX5El5iPWcucppqEun.iZwLxvy1DT0keB394RZ7Ip.ban2AO','hung1@gmail.com1','0908070605','','male','1111-11-11','0908070605','0908070605',1,'2025-12-09 14:32:52','2025-12-09 14:32:52'),(26,'Hùng','NguyễnMangTrầnLêPhạmHoàngVũBùiĐặngDươngThạchKỳAbcd','$2y$12$DLOIrv9s6Qd.jIeMhWMkgO52hZtfGvDEwnhkJ0UPGE0HFZQwJ6LUi','nam@gmail.com','0908070605','','male','1111-11-11','090807060504','0908070605',1,'2025-12-09 14:37:42','2025-12-09 14:37:42'),(27,'test','test','$2y$12$s4KFyyUD7aPsYpDJhuBTIuKrjws1Uo6dv9jDUMbCc2XzIAx6Pv5qe','nguyentanhung413@gmail.com','0908070605','','male','1111-11-11','0908070605','0908070605',1,'2025-12-09 14:44:00','2025-12-09 14:44:00'),(28,'test1','test','$2y$12$lkt0qZiLU8/c08xnYvhcweq5iMeYfvtebrLyzKbaUU/CocrKn2cy2','nguyentanhung413@gmail.com1','0908070605','','male','1111-11-11','0908070605','0908070605',1,'2025-12-09 14:50:10','2025-12-09 14:50:10'),(29,'novewa4083@naqulu.com','novewa4083@naqulu.com','$2y$12$aXYH8haOlIxdC316Uq9RBeFPqjIDo2NQ.VhpbnvWuW92VaTf7r4sq','novewa4083@naqulu.com','0908070605','','male','1111-11-11','0908070605','test',1,'2025-12-09 14:53:37','2025-12-09 14:53:37'),(30,'test12','test12','$2y$12$X.yQUvnNGZrUaqrV.Zr6r.H.BeYoSJyMdIJO9U8uLH8lqYx9T2fOy','khunglongdino2k@gmail.com','0908070605','','male','1111-11-11','0908070605','0908070605',1,'2025-12-09 15:00:51','2025-12-09 15:00:51'),(31,'Y','MLÔ','$2y$12$n4INGHui/EYNBS/vwMXVeO5TiE/ULaVWNiJ1JAreI/3rJxFvO/GLG','ykyly74@gmail.com','0392646146','','male','2025-12-11','23232424','h',1,'2025-12-09 15:05:49','2025-12-09 15:05:49'),(32,'hhh','fff','$2y$12$VrdOcLWyRhDtWapL98jZau3Ma3QagbANKYVHoH5YyuIBnCsjCM4zC','hhh@gmail.com','0392646146','','male','2025-12-02','23232424','hhh',1,'2025-12-09 15:10:25','2025-12-09 15:10:25'),(33,'test13','test13','$2y$12$VSsmuQlO5O09dAsrXuERd.y/cPe/C/Y.TdS6aKLJ6Z4JR5s5mBw.y','hug@gmail.com','0908070605','','male','1111-11-11','0908070605','test13',1,'2025-12-09 15:40:02','2025-12-09 15:40:02'),(35,'gdfgdfgdf','cdsgdfsgdf','$2y$12$jrowcDJ0rQNZVff9PiA3n.bJkbU3cLsD0G0Gcq/I6ls6q3nk22Yl6','nguyenthu6605@gmail.com','0866197024','','female','2025-12-10','123456789121','212 Ngô Mây',15,'2025-12-09 17:50:53','2025-12-09 17:50:53');
/*!40000 ALTER TABLE `users` ENABLE KEYS */;
UNLOCK TABLES;

--
-- Table structure for table `utilities`
--

DROP TABLE IF EXISTS `utilities`;
/*!40101 SET @saved_cs_client     = @@character_set_client */;
/*!50503 SET character_set_client = utf8mb4 */;
CREATE TABLE `utilities` (
  `id` int unsigned NOT NULL AUTO_INCREMENT,
  `name` varchar(100) CHARACTER SET utf8mb4 COLLATE utf8mb4_unicode_ci NOT NULL,
  `created_at` timestamp NULL DEFAULT NULL,
  `updated_at` timestamp NULL DEFAULT NULL,
  PRIMARY KEY (`id`)
) ENGINE=InnoDB AUTO_INCREMENT=18 DEFAULT CHARSET=utf8mb4 COLLATE=utf8mb4_unicode_ci;
/*!40101 SET character_set_client = @saved_cs_client */;

--
-- Dumping data for table `utilities`
--

LOCK TABLES `utilities` WRITE;
/*!40000 ALTER TABLE `utilities` DISABLE KEYS */;
INSERT INTO `utilities` VALUES (7,'Máy lạnh','2025-11-20 08:38:39','2025-11-20 08:38:39'),(8,'Tivi','2025-11-20 08:38:39','2025-11-20 08:38:39'),(9,'Wifi','2025-11-20 09:09:23','2025-11-20 09:09:23'),(10,'Nước uống','2025-11-20 09:09:23','2025-11-20 09:09:23'),(11,'Khăn lạnh','2025-11-20 09:12:08','2025-11-20 09:12:08'),(12,'Đồ ăn','2025-11-20 09:12:08','2025-11-20 09:12:08'),(13,'Nệm chăn','2025-11-20 09:24:02','2025-11-20 09:24:02'),(14,'gối','2025-11-20 09:26:25','2025-11-20 09:26:25'),(15,'giường nằm','2025-11-30 15:39:01','2025-11-30 15:39:01'),(16,'USB','2025-11-30 19:08:24','2025-11-30 19:08:24'),(17,'Đèn led trần','2025-11-30 19:25:15','2025-11-30 19:25:15');
/*!40000 ALTER TABLE `utilities` ENABLE KEYS */;
UNLOCK TABLES;

--
-- Table structure for table `vehicle_imgs`
--

DROP TABLE IF EXISTS `vehicle_imgs`;
/*!40101 SET @saved_cs_client     = @@character_set_client */;
/*!50503 SET character_set_client = utf8mb4 */;
CREATE TABLE `vehicle_imgs` (
  `id` int unsigned NOT NULL AUTO_INCREMENT,
  `vehicle_id` int unsigned NOT NULL,
  `url` varchar(255) CHARACTER SET utf8mb4 COLLATE utf8mb4_unicode_ci NOT NULL,
  `public_url` varchar(255) CHARACTER SET utf8mb4 COLLATE utf8mb4_unicode_ci DEFAULT NULL,
  `created_at` timestamp NULL DEFAULT NULL,
  `updated_at` timestamp NULL DEFAULT NULL,
  PRIMARY KEY (`id`)
) ENGINE=InnoDB AUTO_INCREMENT=42 DEFAULT CHARSET=utf8mb4 COLLATE=utf8mb4_unicode_ci;
/*!40101 SET character_set_client = @saved_cs_client */;

--
-- Dumping data for table `vehicle_imgs`
--

LOCK TABLES `vehicle_imgs` WRITE;
/*!40000 ALTER TABLE `vehicle_imgs` DISABLE KEYS */;
INSERT INTO `vehicle_imgs` VALUES (19,19,'/uploads/vehicles/vios/vios69218984ea02b3.35651757_z7212804659174_d0bb0b97e8e3cf62883c589b095543bc.jpg','vios69218984ea02b3.35651757_z7212804659174_d0bb0b97e8e3cf62883c589b095543bc.jpg','2025-11-22 09:59:33','2025-11-22 09:59:33'),(20,20,'/uploads/vehicles/cr-v/cr-v692189ee525505.96516650_White_and_Yellow_India_Travel_Vlog_YouTube_Thumbnail.png','cr-v692189ee525505.96516650_White_and_Yellow_India_Travel_Vlog_YouTube_Thumbnail.png','2025-11-22 10:01:18','2025-11-22 10:01:18'),(21,21,'/uploads/vehicles/transit/transit69218a2ddb3fe1.08110358_place.png','transit69218a2ddb3fe1.08110358_place.png','2025-11-22 10:02:21','2025-11-22 10:02:21'),(22,22,'/uploads/vehicles/accent/accent69218a67172b56.62068360_download.jpg','accent69218a67172b56.62068360_download.jpg','2025-11-22 10:03:19','2025-11-22 10:03:19'),(23,23,'/uploads/vehicles/sedona/sedona69218aa97033b6.44557722_White_and_Yellow_India_Travel_Vlog_YouTube_Thumbnail.png','sedona69218aa97033b6.44557722_White_and_Yellow_India_Travel_Vlog_YouTube_Thumbnail.png','2025-11-22 10:04:25','2025-11-22 10:04:25'),(24,23,'/uploads/vehicles/sedona/sedona69218aa9785816.90865640_logo.png','sedona69218aa9785816.90865640_logo.png','2025-11-22 10:04:25','2025-11-22 10:04:25'),(25,24,'/uploads/vehicles/cx-5/cx-569218b8730c701.20861846_S____ho__n_h___o_s____kh__ng_c___n___u_ta_kh__ng_b___t______u_-_H___ng_Phong_-_podcast_-_t__m_s___.png','cx-569218b8730c701.20861846_S____ho__n_h___o_s____kh__ng_c___n___u_ta_kh__ng_b___t______u_-_H___ng_Phong_-_podcast_-_t__m_s___.png','2025-11-22 10:08:07','2025-11-22 10:08:07'),(26,25,'/uploads/vehicles/mu-x/mu-x69218bcc4370e1.52097014_z7212804659174_d0bb0b97e8e3cf62883c589b095543bc.jpg','mu-x69218bcc4370e1.52097014_z7212804659174_d0bb0b97e8e3cf62883c589b095543bc.jpg','2025-11-22 10:09:16','2025-11-22 10:09:16'),(27,26,'/uploads/vehicles/sprinter/sprinter69218c046b0437.29968180_White_and_Yellow_India_Travel_Vlog_YouTube_Thumbnail.png','sprinter69218c046b0437.29968180_White_and_Yellow_India_Travel_Vlog_YouTube_Thumbnail.png','2025-11-22 10:10:12','2025-11-22 10:10:12'),(28,27,'/uploads/vehicles/innova/innova69218c379a3df2.28078184_z7212804659174_d0bb0b97e8e3cf62883c589b095543bc.jpg','innova69218c379a3df2.28078184_z7212804659174_d0bb0b97e8e3cf62883c589b095543bc.jpg','2025-11-22 10:11:03','2025-11-22 10:11:03'),(29,28,'/uploads/vehicles/lux-sa2-0/lux-sa2-069218c65e407b0.12973479_food.png','lux-sa2-069218c65e407b0.12973479_food.png','2025-11-22 10:11:49','2025-11-22 10:11:49'),(30,29,'/uploads/vehicles/cr-v/cr-v692c6515d2f735.54467810_supawork-24837e0afa294697b7d918d692a269af.jpeg','cr-v692c6515d2f735.54467810_supawork-24837e0afa294697b7d918d692a269af.jpeg','2025-11-30 15:39:01','2025-11-30 15:39:01'),(31,31,'/uploads/vehicles/fortuner/fortuner692c9547e970d0.99211571_to.jpg','fortuner692c9547e970d0.99211571_to.jpg','2025-11-30 19:04:39','2025-11-30 19:04:39'),(32,32,'/uploads/vehicles/innova/innova692c95b279d5f4.65999530_toyota-innova.png','innova692c95b279d5f4.65999530_toyota-innova.png','2025-11-30 19:06:26','2025-11-30 19:06:26'),(33,33,'/uploads/vehicles/city/city692c962804ada1.19828333_9c7c10d2dcf1e4a7fc35454327f208c719a27d3225175.jpg','city692c962804ada1.19828333_9c7c10d2dcf1e4a7fc35454327f208c719a27d3225175.jpg','2025-11-30 19:08:24','2025-11-30 19:08:24'),(34,34,'/uploads/vehicles/cx-5/cx-5692c974c150812.39754801_so-sanh-cac-phien-ban-cua-mazda-cx-5-nen-mua-phien-ban-nao-339105.jpg','cx-5692c974c150812.39754801_so-sanh-cac-phien-ban-cua-mazda-cx-5-nen-mua-phien-ban-nao-339105.jpg','2025-11-30 19:13:16','2025-11-30 19:13:16'),(35,35,'/uploads/vehicles/tucson/tucson692c97c9760dc5.54030291_2016-Hyundai-Tucson-FWD-14.jpg','tucson692c97c9760dc5.54030291_2016-Hyundai-Tucson-FWD-14.jpg','2025-11-30 19:15:21','2025-11-30 19:15:21'),(36,36,'/uploads/vehicles/transit/transit692c984fddbcc6.81418977_5-bc7b_wm.png','transit692c984fddbcc6.81418977_5-bc7b_wm.png','2025-11-30 19:17:35','2025-11-30 19:17:35'),(37,37,'/uploads/vehicles/sprinter/sprinter692c98b1963352.09866350_Mercedes-Sprinter-Limousine-Exterior-3b.jpg','sprinter692c98b1963352.09866350_Mercedes-Sprinter-Limousine-Exterior-3b.jpg','2025-11-30 19:19:13','2025-11-30 19:19:13'),(38,38,'/uploads/vehicles/felix/felix692c9979c972a5.28658076_IMG_9018-2.jpg','felix692c9979c972a5.28658076_IMG_9018-2.jpg','2025-11-30 19:22:33','2025-11-30 19:22:33'),(39,39,'/uploads/vehicles/garden/garden692c9a1af039c5.72796765_ngoaithat-thaco-garden-tb79s_3987f8b8f4954ab7a5027cf4595faf28_master.jpg','garden692c9a1af039c5.72796765_ngoaithat-thaco-garden-tb79s_3987f8b8f4954ab7a5027cf4595faf28_master.jpg','2025-11-30 19:25:15','2025-11-30 19:25:15'),(40,40,'/uploads/vehicles/universe/universe692c9ae95e62a9.89285437_add42ab359422b08_org.jpg','universe692c9ae95e62a9.89285437_add42ab359422b08_org.jpg','2025-11-30 19:28:41','2025-11-30 19:28:41'),(41,41,'/uploads/vehicles/civic/civic69381d10a429f5.90414312_99a6cf75e0aab597efa66092a141f66f.jpg','civic69381d10a429f5.90414312_99a6cf75e0aab597efa66092a141f66f.jpg','2025-12-09 12:58:56','2025-12-09 12:58:56');
/*!40000 ALTER TABLE `vehicle_imgs` ENABLE KEYS */;
UNLOCK TABLES;

--
-- Table structure for table `vehicle_status`
--

DROP TABLE IF EXISTS `vehicle_status`;
/*!40101 SET @saved_cs_client     = @@character_set_client */;
/*!50503 SET character_set_client = utf8mb4 */;
CREATE TABLE `vehicle_status` (
  `id` int unsigned NOT NULL AUTO_INCREMENT,
  `vehicle_id` int unsigned NOT NULL,
  `status` varchar(255) CHARACTER SET utf8mb4 COLLATE utf8mb4_unicode_ci NOT NULL,
  `created_at` timestamp NULL DEFAULT NULL,
  `updated_at` timestamp NULL DEFAULT NULL,
  PRIMARY KEY (`id`),
  UNIQUE KEY `unique_vehicle_status` (`vehicle_id`)
) ENGINE=InnoDB AUTO_INCREMENT=13 DEFAULT CHARSET=utf8mb4 COLLATE=utf8mb4_unicode_ci;
/*!40101 SET character_set_client = @saved_cs_client */;

--
-- Dumping data for table `vehicle_status`
--

LOCK TABLES `vehicle_status` WRITE;
/*!40000 ALTER TABLE `vehicle_status` DISABLE KEYS */;
INSERT INTO `vehicle_status` VALUES (1,29,'booked','2025-11-30 15:39:01','2025-11-30 15:57:04'),(2,31,'available','2025-11-30 19:04:39','2025-11-30 19:04:39'),(3,32,'available','2025-11-30 19:06:26','2025-11-30 19:06:26'),(4,33,'available','2025-11-30 19:08:24','2025-11-30 19:08:24'),(5,34,'available','2025-11-30 19:13:16','2025-11-30 19:13:16'),(6,35,'available','2025-11-30 19:15:21','2025-11-30 19:15:21'),(7,36,'available','2025-11-30 19:17:35','2025-11-30 19:17:35'),(8,37,'available','2025-11-30 19:19:13','2025-11-30 19:19:13'),(9,38,'available','2025-11-30 19:22:33','2025-11-30 19:22:33'),(10,39,'available','2025-11-30 19:25:14','2025-11-30 19:25:14'),(11,40,'available','2025-11-30 19:28:41','2025-11-30 19:28:41'),(12,41,'available','2025-12-09 12:58:56','2025-12-09 12:58:56');
/*!40000 ALTER TABLE `vehicle_status` ENABLE KEYS */;
UNLOCK TABLES;

--
-- Table structure for table `vehicle_utilities`
--

DROP TABLE IF EXISTS `vehicle_utilities`;
/*!40101 SET @saved_cs_client     = @@character_set_client */;
/*!50503 SET character_set_client = utf8mb4 */;
CREATE TABLE `vehicle_utilities` (
  `id` int unsigned NOT NULL AUTO_INCREMENT,
  `utility_id` int unsigned NOT NULL,
  `vehicle_id` int unsigned NOT NULL,
  `created_at` timestamp NULL DEFAULT NULL,
  `updated_at` timestamp NULL DEFAULT NULL,
  PRIMARY KEY (`id`),
  UNIQUE KEY `unique_vehicle_utility` (`utility_id`,`vehicle_id`)
) ENGINE=InnoDB AUTO_INCREMENT=57 DEFAULT CHARSET=utf8mb4 COLLATE=utf8mb4_unicode_ci;
/*!40101 SET character_set_client = @saved_cs_client */;

--
-- Dumping data for table `vehicle_utilities`
--

LOCK TABLES `vehicle_utilities` WRITE;
/*!40000 ALTER TABLE `vehicle_utilities` DISABLE KEYS */;
INSERT INTO `vehicle_utilities` VALUES (1,7,19,'2025-11-22 09:59:33','2025-11-22 09:59:33'),(2,9,19,'2025-11-22 09:59:33','2025-11-22 09:59:33'),(3,8,20,'2025-11-22 10:01:18','2025-11-22 10:01:18'),(4,11,20,'2025-11-22 10:01:18','2025-11-22 10:01:18'),(5,12,20,'2025-11-22 10:01:18','2025-11-22 10:01:18'),(6,10,21,'2025-11-22 10:02:21','2025-11-22 10:02:21'),(7,11,21,'2025-11-22 10:02:21','2025-11-22 10:02:21'),(8,12,22,'2025-11-22 10:03:19','2025-11-22 10:03:19'),(9,13,22,'2025-11-22 10:03:19','2025-11-22 10:03:19'),(10,8,23,'2025-11-22 10:04:25','2025-11-22 10:04:25'),(11,10,23,'2025-11-22 10:04:25','2025-11-22 10:04:25'),(12,9,24,'2025-11-22 10:08:07','2025-11-22 10:08:07'),(13,10,24,'2025-11-22 10:08:07','2025-11-22 10:08:07'),(14,10,25,'2025-11-22 10:09:16','2025-11-22 10:09:16'),(15,11,25,'2025-11-22 10:09:16','2025-11-22 10:09:16'),(16,12,25,'2025-11-22 10:09:16','2025-11-22 10:09:16'),(17,8,26,'2025-11-22 10:10:12','2025-11-22 10:10:12'),(18,9,26,'2025-11-22 10:10:12','2025-11-22 10:10:12'),(19,10,26,'2025-11-22 10:10:12','2025-11-22 10:10:12'),(20,14,26,'2025-11-22 10:10:12','2025-11-22 10:10:12'),(21,10,27,'2025-11-22 10:11:03','2025-11-22 10:11:03'),(22,11,27,'2025-11-22 10:11:03','2025-11-22 10:11:03'),(23,10,28,'2025-11-22 10:11:49','2025-11-22 10:11:49'),(24,11,28,'2025-11-22 10:11:49','2025-11-22 10:11:49'),(25,15,29,'2025-11-30 15:39:01','2025-11-30 15:39:01'),(26,7,31,'2025-11-30 19:04:39','2025-11-30 19:04:39'),(27,8,31,'2025-11-30 19:04:39','2025-11-30 19:04:39'),(28,9,31,'2025-11-30 19:04:39','2025-11-30 19:04:39'),(29,7,32,'2025-11-30 19:06:26','2025-11-30 19:06:26'),(30,11,32,'2025-11-30 19:06:26','2025-11-30 19:06:26'),(31,16,33,'2025-11-30 19:08:24','2025-11-30 19:08:24'),(32,9,34,'2025-11-30 19:13:16','2025-11-30 19:13:16'),(33,13,34,'2025-11-30 19:13:16','2025-11-30 19:13:16'),(34,9,35,'2025-11-30 19:15:21','2025-11-30 19:15:21'),(35,10,35,'2025-11-30 19:15:21','2025-11-30 19:15:21'),(36,7,36,'2025-11-30 19:17:35','2025-11-30 19:17:35'),(37,8,36,'2025-11-30 19:17:35','2025-11-30 19:17:35'),(38,16,36,'2025-11-30 19:17:35','2025-11-30 19:17:35'),(39,7,37,'2025-11-30 19:19:13','2025-11-30 19:19:13'),(40,8,37,'2025-11-30 19:19:13','2025-11-30 19:19:13'),(41,9,37,'2025-11-30 19:19:13','2025-11-30 19:19:13'),(42,10,37,'2025-11-30 19:19:13','2025-11-30 19:19:13'),(43,7,38,'2025-11-30 19:22:33','2025-11-30 19:22:33'),(44,10,38,'2025-11-30 19:22:33','2025-11-30 19:22:33'),(45,11,38,'2025-11-30 19:22:33','2025-11-30 19:22:33'),(46,16,38,'2025-11-30 19:22:33','2025-11-30 19:22:33'),(47,17,39,'2025-11-30 19:25:15','2025-11-30 19:25:15'),(48,7,40,'2025-11-30 19:28:41','2025-11-30 19:28:41'),(49,9,40,'2025-11-30 19:28:41','2025-11-30 19:28:41'),(50,15,40,'2025-11-30 19:28:41','2025-11-30 19:28:41'),(51,17,40,'2025-11-30 19:28:41','2025-11-30 19:28:41'),(52,7,41,'2025-12-09 12:58:56','2025-12-09 12:58:56'),(53,9,41,'2025-12-09 12:58:56','2025-12-09 12:58:56'),(54,14,41,'2025-12-09 12:58:56','2025-12-09 12:58:56'),(55,16,41,'2025-12-09 12:58:56','2025-12-09 12:58:56'),(56,17,41,'2025-12-09 12:58:56','2025-12-09 12:58:56');
/*!40000 ALTER TABLE `vehicle_utilities` ENABLE KEYS */;
UNLOCK TABLES;

--
-- Table structure for table `vehicles`
--

DROP TABLE IF EXISTS `vehicles`;
/*!40101 SET @saved_cs_client     = @@character_set_client */;
/*!50503 SET character_set_client = utf8mb4 */;
CREATE TABLE `vehicles` (
  `id` int unsigned NOT NULL AUTO_INCREMENT,
  `description` text CHARACTER SET utf8mb4 COLLATE utf8mb4_unicode_ci NOT NULL,
  `license_plate` varchar(20) CHARACTER SET utf8mb4 COLLATE utf8mb4_unicode_ci NOT NULL,
  `brand` varchar(100) CHARACTER SET utf8mb4 COLLATE utf8mb4_unicode_ci NOT NULL,
  `model` varchar(100) CHARACTER SET utf8mb4 COLLATE utf8mb4_unicode_ci NOT NULL,
  `year_of_manufacture` year NOT NULL,
  `seat_count` tinyint unsigned NOT NULL,
  `provider_id` int unsigned NOT NULL,
  `fuel_consumption` decimal(5,2) NOT NULL,
  `maintenance_per_km` decimal(10,2) NOT NULL,
  `created_at` timestamp NULL DEFAULT NULL,
  `updated_at` timestamp NULL DEFAULT NULL,
  PRIMARY KEY (`id`),
  UNIQUE KEY `unique_license_plate` (`license_plate`)
) ENGINE=InnoDB AUTO_INCREMENT=42 DEFAULT CHARSET=utf8mb4 COLLATE=utf8mb4_unicode_ci;
/*!40101 SET character_set_client = @saved_cs_client */;

--
-- Dumping data for table `vehicles`
--

LOCK TABLES `vehicles` WRITE;
/*!40000 ALTER TABLE `vehicles` DISABLE KEYS */;
INSERT INTO `vehicles` VALUES (19,'Xe gia đình, chạy êm, tiết kiệm nhiên liệu.','51A-123.45','Toyota','Vios',2018,4,3,6.30,6500.00,'2025-11-22 09:59:32','2025-11-22 09:59:32'),(20,'SUV rộng rãi, phù hợp đi xa và đường xấu.','51G-567.89','Honda','CR-V',2020,7,3,7.10,7000.00,'2025-11-22 10:01:18','2025-11-22 10:01:18'),(21,'Xe du lịch 16 chỗ, ghế ngồi thoải mái, thích hợp cho tour.','60B-222.88','Ford','Transit',2017,16,3,9.50,8500.00,'2025-11-22 10:02:21','2025-11-22 10:02:21'),(22,'Xe mới, tiết kiệm, nội thất sạch đẹp.','72C-345.22','Hyundai','Accent',2021,4,3,6.00,6200.00,'2025-11-22 10:03:18','2025-11-22 10:03:18'),(23,'Xe phù hợp gia đình và nhóm du lịch 7 người.','43A-998.23','Kia','Sedona',2019,7,3,8.20,7500.00,'2025-11-22 10:04:25','2025-11-22 10:04:25'),(24,'SUV thể thao, an toàn, bám đường tốt.','30F-445.66','Mazda','CX-5',2020,4,4,7.00,6800.00,'2025-11-22 10:08:06','2025-11-22 10:08:06'),(25,'Xe máy dầu mạnh mẽ, phù hợp địa hình khó.','63A-212.77','Isuzu','mu-X',2018,7,4,7.80,8000.00,'2025-11-22 10:09:16','2025-11-22 10:09:16'),(26,'Dòng xe du lịch cao cấp, chỗ ngồi thoải mái.','65B-556.11','Mercedes','Sprinter',2016,16,4,10.20,9000.00,'2025-11-22 10:10:12','2025-11-22 10:10:12'),(27,'Xe chạy dịch vụ, bảo dưỡng định kỳ, sạch sẽ.','50A-111.99','Toyota','Innova',2019,7,4,8.00,7200.00,'2025-11-22 10:11:03','2025-11-22 10:11:03'),(28,'SUV mạnh mẽ, sang trọng, trải nghiệm cao cấp.','88A-789.66','VinFast','Lux SA2.0',2021,7,4,8.50,7800.00,'2025-11-22 10:11:49','2025-11-22 10:11:49'),(29,'gfhhgfffffd sssssssssbysfdb st','30A-123.45','Honda','CR-V',2011,24,13,6.50,6.50,'2025-11-30 15:39:01','2025-11-30 15:39:01'),(31,'Vận hành êm ái, tiết kiệm nhiên liệu và ổn định. Khoang cabin rộng rãi, thoải mái cho mọi hành trình.','51F-789.02','Toyota','Fortuner',2020,7,13,8.70,7.00,'2025-11-30 19:04:39','2025-11-30 19:04:39'),(32,'Ngoại thất mới 90%, ghế chỉnh điện tiện nghi. Hệ thống điều hòa hoạt động mạnh và mượt.','29B-445.22','Toyota','Innova',2017,7,13,9.00,7.00,'2025-11-30 19:06:26','2025-11-30 19:06:26'),(33,'Xe bảo trì thường xuyên, động cơ mạnh nhưng tiết kiệm. Đáp ứng tốt các chuyến đi tỉnh hoặc đi công tác.','30G-332.10','Honda','City',2019,4,13,6.10,6.00,'2025-11-30 19:08:23','2025-11-30 19:08:23'),(34,'Xe vận hành ổn định trên mọi cung đường. Chỗ ngồi thoải mái, đầy đủ tiện ích cần thiết.','99A-119.20','Mazda','CX-5',2021,4,13,7.50,7.00,'2025-11-30 19:13:15','2025-11-30 19:13:15'),(35,'Xe đời mới, kiểu dáng sang trọng. Hoạt động trơn tru, kiểm tra kỹ trước mỗi chuyến đi.','50G-213.77','Hyundai','Tucson',2022,4,13,7.10,7.00,'2025-11-30 19:15:21','2025-11-30 19:15:21'),(36,'Xe rộng rãi phù hợp cho nhóm, đội hoặc tour nhỏ. Điều hòa mạnh, khoang hành lý lớn.','88B-924.10','Ford','Transit',2018,16,13,11.20,9.00,'2025-11-30 19:17:35','2025-11-30 19:17:35'),(37,'Vận hành ổn định tuyến dài, rất thích hợp chạy tour – đưa đón công nhân – du lịch. Nội thất sạch và thoáng.','31B-116.32','Mercedes','Sprinter',2016,16,13,11.90,10.00,'2025-11-30 19:19:13','2025-11-30 19:19:13'),(38,'Máy khỏe, leo dốc tốt, đặc biệt phù hợp tour vùng cao. Nội thất được vệ sinh hàng ngày.','43B-991.22','Samco','Felix',2018,24,13,13.80,12.00,'2025-11-30 19:22:33','2025-11-30 19:22:33'),(39,'Phù hợp đi liên tỉnh và tour dài ngày. Xe sạch, đảm bảo tiêu chuẩn vận tải giường nằm.','60B-223.44','Thaco','Garden',2019,24,13,13.10,12.00,'2025-11-30 19:25:14','2025-11-30 19:25:14'),(40,'Phù hợp chuyến dài từ 300–800km. Hệ thống điều hòa mát đều, không bị phả trực tiếp. ','43B-115.22','Hyundai','Universe',2019,35,13,15.70,14.00,'2025-11-30 19:28:41','2025-11-30 19:28:41'),(41,'xe chạy ngon, êm','30a-202-222','Honda','CIVIC',2018,4,19,5.00,6.50,'2025-12-09 12:58:56','2025-12-09 12:58:56');
/*!40000 ALTER TABLE `vehicles` ENABLE KEYS */;
UNLOCK TABLES;
/*!40103 SET TIME_ZONE=@OLD_TIME_ZONE */;

/*!40101 SET SQL_MODE=@OLD_SQL_MODE */;
/*!40014 SET FOREIGN_KEY_CHECKS=@OLD_FOREIGN_KEY_CHECKS */;
/*!40014 SET UNIQUE_CHECKS=@OLD_UNIQUE_CHECKS */;
/*!40101 SET CHARACTER_SET_CLIENT=@OLD_CHARACTER_SET_CLIENT */;
/*!40101 SET CHARACTER_SET_RESULTS=@OLD_CHARACTER_SET_RESULTS */;
/*!40101 SET COLLATION_CONNECTION=@OLD_COLLATION_CONNECTION */;
/*!40111 SET SQL_NOTES=@OLD_SQL_NOTES */;

-- Dump completed on 2025-12-10  1:22:03
